{"i":90,"val_loss_history":[3.9183995723724],"val_loss_history_it":[90],"forward_backward_times":{},"opt":{"max_epochs":10,"checkpoint_every":100000,"batch_size":10,"memory_benchmark":0,"init_from":"","grad_clip":5,"model_type":"lstm","lr_decay_every":5,"print_every":1,"wordvec_size":64,"seq_length":10,"input_json":".\/spice\/p13\/13.spice.train.json","num_layers":3,"input_h5":".\/spice\/p13\/13.spice.train.h5","reset_iterations":1,"rnn_size":512,"dropout":0.5,"checkpoint_name":"cv\/spice_p13","batchnorm":0,"learning_rate":0.002,"speed_benchmark":0,"gpu_backend":"cuda","lr_decay_factor":0.5,"gpu":0},"train_loss_history":[4.5472311973572,4.4992899894714,4.2822790145874,3.8592417240143,3.4602587223053,3.862651348114,3.6380321979523,3.9774718284607,3.9269201755524,3.6263098716736,3.7055969238281,3.8376772403717,3.5746808052063,3.4605829715729,3.6691195964813,3.6393759250641,3.8277533054352,3.7108461856842,3.576996088028,3.5814526081085,3.7908148765564,3.5832512378693,3.4384632110596,3.6178956031799,3.4864454269409,3.7663586139679,3.5814602375031,3.611346244812,3.5486109256744,3.7135529518127,3.5257947444916,3.4632513523102,3.6069960594177,3.5718641281128,3.7915236949921,3.5326607227325,3.5572807788849,3.5955832004547,3.76012134552,3.5351366996765,3.434365272522,3.6367349624634,3.5889186859131,3.8434438705444,3.4335122108459,3.5432741641998,3.5623419284821,3.7124297618866,3.5236434936523,3.3955001831055,3.6204464435577,3.5439867973328,3.7843494415283,3.431403875351,3.5390136241913,3.5564949512482,3.7102653980255,3.490159034729,3.4682734012604,3.6598291397095,3.5775399208069,3.773227930069,3.3919751644135,3.4682064056396,3.5053360462189,3.7121157646179,3.5328533649445,3.4225878715515,3.6092615127563,3.5509588718414,3.7869896888733,3.3722085952759,3.5443093776703,3.5402550697327,3.714653968811,3.5219933986664,3.4401116371155,3.6296279430389,3.5577445030212,3.7260875701904,3.3528573513031,3.5312395095825,3.5748696327209,3.7564280033112,3.5296361446381,3.4222214221954,3.6312024593353,3.5389401912689,3.7807161808014,3.2892022132874],"memory_usage":{}}