{"i":670,"val_loss_history":[2.7689672112465],"val_loss_history_it":[670],"forward_backward_times":{},"opt":{"max_epochs":10,"checkpoint_every":0,"batch_size":100,"memory_benchmark":0,"init_from":"","grad_clip":5,"model_type":"lstm","lr_decay_every":5,"print_every":1,"wordvec_size":64,"seq_length":100,"input_json":".\/spice\/p1\/1.spice.train.json","num_layers":4,"input_h5":".\/spice\/p1\/1.spice.train.h5","reset_iterations":1,"rnn_size":512,"dropout":0.5,"checkpoint_name":"cv\/spice_p1","batchnorm":0,"learning_rate":0.002,"speed_benchmark":0,"gpu_backend":"cuda","lr_decay_factor":0.5,"gpu":0},"train_loss_history":[3.0512852668762,2.9182350635529,3.1755619049072,2.9361178874969,2.9411034584045,2.9290981292725,2.9077596664429,2.8940508365631,2.8769700527191,2.8832902908325,2.875331401825,2.86452293396,2.8555719852448,2.8634607791901,2.871431350708,2.861888885498,2.8628797531128,2.8597342967987,2.8562145233154,2.8532400131226,2.8518030643463,2.8464534282684,2.8614225387573,2.8651089668274,2.8542761802673,2.8669981956482,2.8565981388092,2.8534300327301,2.852222442627,2.8522078990936,2.8556711673737,2.8702507019043,2.844717502594,2.8579170703888,2.8523962497711,2.8587608337402,2.8573169708252,2.8606534004211,2.8568062782288,2.8574283123016,2.8596251010895,2.8454821109772,2.8557710647583,2.8529798984528,2.8515622615814,2.8544504642487,2.8556356430054,2.8546335697174,2.8561949729919,2.8490989208221,2.865003824234,2.8479661941528,2.8504555225372,2.844624042511,2.8570499420166,2.8474040031433,2.8499059677124,2.8505561351776,2.8505008220673,2.8558740615845,2.8619546890259,2.8439438343048,2.8595678806305,2.8534967899323,2.8523614406586,2.8582835197449,2.8480985164642,2.8468389511108,2.8531143665314,2.8620002269745,2.8523755073547,2.8598785400391,2.8511135578156,2.8513512611389,2.8516492843628,2.8534533977509,2.8668730258942,2.8601579666138,2.8481838703156,2.8429219722748,2.8511276245117,2.8543343544006,2.8535594940186,2.8542506694794,2.8501296043396,2.849328994751,2.8437616825104,2.844033241272,2.8388571739197,2.8551092147827,2.8586287498474,2.8470649719238,2.8599574565887,2.8510901927948,2.8496029376984,2.8496446609497,2.849978685379,2.8518943786621,2.8634271621704,2.8411903381348,2.8552486896515,2.849244594574,2.8548390865326,2.8542473316193,2.8573334217072,2.8533635139465,2.8565826416016,2.8563876152039,2.8440713882446,2.8531942367554,2.8499641418457,2.847813129425,2.8516376018524,2.855749130249,2.8529770374298,2.8542532920837,2.8463869094849,2.863044500351,2.845584154129,2.8499450683594,2.8439903259277,2.8569734096527,2.847644329071,2.8476209640503,2.8490817546844,2.8504505157471,2.8552520275116,2.8592653274536,2.8432493209839,2.8586258888245,2.8536360263824,2.8519821166992,2.8566541671753,2.8480324745178,2.8458271026611,2.851389169693,2.8604655265808,2.8507969379425,2.8581681251526,2.8501727581024,2.8499658107758,2.8493092060089,2.8535838127136,2.8666770458221,2.8582832813263,2.8483941555023,2.8411951065063,2.8519055843353,2.8533909320831,2.8503532409668,2.8539514541626,2.8512661457062,2.8479506969452,2.8438251018524,2.8434579372406,2.8383073806763,2.8534770011902,2.8594205379486,2.8479039669037,2.8593280315399,2.8516130447388,2.8477056026459,2.8490171432495,2.8486995697021,2.8505494594574,2.8648991584778,2.8420214653015,2.8567929267883,2.8486096858978,2.8560910224915,2.8531832695007,2.8580470085144,2.8523700237274,2.8550202846527,2.8573248386383,2.8431055545807,2.8535091876984,2.8494410514832,2.8461878299713,2.850766658783,2.8562865257263,2.8519940376282,2.8532679080963,2.8452396392822,2.8640673160553,2.8455786705017,2.8502700328827,2.8443858623505,2.8553853034973,2.8466653823853,2.8494386672974,2.8493235111237,2.8493430614471,2.8551235198975,2.8595826625824,2.8419399261475,2.85755443573,2.8508954048157,2.8505754470825,2.8570020198822,2.8474962711334,2.8452010154724,2.8517823219299,2.8607633113861,2.85032081604,2.8573763370514,2.8496239185333,2.8496050834656,2.8494188785553,2.8520977497101,2.865555524826,2.8594725131989,2.8468854427338,2.8416757583618,2.8511416912079,2.855016708374,2.8521611690521,2.8551139831543,2.8511028289795,2.8469440937042,2.8433136940002,2.8435878753662,2.8364500999451,2.8539395332336,2.8588666915894,2.8461096286774,2.8597345352173,2.8514776229858,2.8465089797974,2.8484432697296,2.8475775718689,2.8506457805634,2.8622317314148,2.841451883316,2.8541610240936,2.8478512763977,2.8541848659515,2.852447271347,2.8561027050018,2.8518979549408,2.854749917984,2.8553402423859,2.8436167240143,2.8524625301361,2.8492772579193,2.8477213382721,2.851686000824,2.8551325798035,2.8516051769257,2.8525307178497,2.8461887836456,2.8614451885223,2.8446629047394,2.8485133647919,2.8443920612335,2.8554499149323,2.8464910984039,2.8492913246155,2.8478274345398,2.8492469787598,2.8522264957428,2.8596048355103,2.8415780067444,2.8579313755035,2.8522579669952,2.8502645492554,2.8560812473297,2.8464500904083,2.8438014984131,2.8508048057556,2.8593409061432,2.8516323566437,2.8581700325012,2.8488159179688,2.8496224880219,2.8501505851746,2.8529398441315,2.8669989109039,2.8587474822998,2.848121881485,2.8416385650635,2.8496994972229,2.8528234958649,2.8505303859711,2.8543581962585,2.8504328727722,2.8486642837524,2.8434801101685,2.8439733982086,2.8381004333496,2.8535940647125,2.8580090999603,2.8468773365021,2.8590896129608,2.8505830764771,2.848005771637,2.8495509624481,2.847277879715,2.850560426712,2.8626477718353,2.8415067195892,2.8552839756012,2.8488502502441,2.8554573059082,2.8520412445068,2.8555777072906,2.8528234958649,2.8545317649841,2.8552739620209,2.8431987762451,2.8523931503296,2.8494205474854,2.8464472293854,2.8518762588501,2.8551135063171,2.8507301807404,2.8547084331512,2.8445453643799,2.8636178970337,2.8441262245178,2.8473477363586,2.8436467647552,2.8552684783936,2.8446576595306,2.8478875160217,2.8491148948669,2.8477537631989,2.8535149097443,2.8590297698975,2.8405811786652,2.858202457428,2.8518176078796,2.8503756523132,2.8557274341583,2.8473188877106,2.8441340923309,2.8507750034332,2.8601825237274,2.8498849868774,2.8561644554138,2.8479969501495,2.850683927536,2.8495740890503,2.8509614467621,2.8650085926056,2.8572268486023,2.8467342853546,2.8411288261414,2.8501327037811,2.8520624637604,2.8495953083038,2.8538084030151,2.8496196269989,2.8481960296631,2.8423845767975,2.8443403244019,2.8369352817535,2.8539848327637,2.857656955719,2.8460667133331,2.8588562011719,2.8493669033051,2.8468008041382,2.8477239608765,2.8476312160492,2.849009513855,2.8636317253113,2.8404357433319,2.8549120426178,2.8477168083191,2.8542540073395,2.8525385856628,2.8570528030396,2.8520259857178,2.8546667098999,2.8558464050293,2.8435819149017,2.8513534069061,2.8487207889557,2.8466053009033,2.8507122993469,2.8550837039948,2.8503348827362,2.8532612323761,2.8446826934814,2.8627598285675,2.8442387580872,2.8475654125214,2.8435461521149,2.8552672863007,2.8455481529236,2.847279548645,2.8472437858582,2.8487229347229,2.8533735275269,2.8598346710205,2.8418152332306,2.8582663536072,2.8511755466461,2.8503005504608,2.8552689552307,2.8449370861053,2.8434453010559,2.8500256538391,2.8599102497101,2.8504674434662,2.85724568367,2.8479387760162,2.8480815887451,2.8491077423096,2.8514714241028,2.8656759262085,2.8577790260315,2.8468327522278,2.84130859375,2.8484394550323,2.8528971672058,2.8505551815033,2.8526718616486,2.8498532772064,2.8477065563202,2.8421521186829,2.843808889389,2.8371386528015,2.8527076244354,2.8572931289673,2.8459842205048,2.8593273162842,2.8501510620117,2.8473043441772,2.8470704555511,2.8468587398529,2.8487889766693,2.8626742362976,2.840437412262,2.8549962043762,2.847175359726,2.8535177707672,2.8531339168549,2.8549499511719,2.8519756793976,2.854129076004,2.8550035953522,2.8432569503784,2.8513045310974,2.8494057655334,2.8466908931732,2.8501574993134,2.8539690971375,2.8519115447998,2.8523454666138,2.8446607589722,2.8613746166229,2.8443462848663,2.8482456207275,2.8427865505219,2.855028629303,2.8462543487549,2.8476481437683,2.8479945659637,2.8475260734558,2.8540623188019,2.8591666221619,2.840443611145,