{"i":80,"val_loss_history":[2.7295188903809],"val_loss_history_it":[80],"forward_backward_times":{},"opt":{"max_epochs":10,"checkpoint_every":100000,"batch_size":25,"memory_benchmark":0,"init_from":"","grad_clip":5,"model_type":"lstm","lr_decay_every":5,"print_every":1,"wordvec_size":64,"seq_length":200,"input_json":".\/spice\/p4\/4.spice.train.json","num_layers":4,"input_h5":".\/spice\/p4\/4.spice.train.h5","reset_iterations":1,"rnn_size":512,"dropout":0.5,"checkpoint_name":"cv\/spice_p4","batchnorm":0,"learning_rate":0.002,"speed_benchmark":0,"gpu_backend":"cuda","lr_decay_factor":0.5,"gpu":0},"train_loss_history":[3.5286722183228,3.2573194503784,3.0212678909302,3.024010181427,2.9874660968781,2.9753732681274,2.965491771698,2.9716444015503,2.9301846027374,2.9491114616394,2.9271814823151,2.9303572177887,2.9373295307159,2.9357812404633,2.9265713691711,2.9369463920593,2.9200413227081,2.9299368858337,2.9162127971649,2.9216890335083,2.9244332313538,2.9282529354095,2.9210674762726,2.926774263382,2.9107975959778,2.921412229538,2.9099996089935,2.9128844738007,2.9207413196564,2.9246938228607,2.9136929512024,2.9210097789764,2.9073891639709,2.9191401004791,2.9070620536804,2.9083209037781,2.919538974762,2.9188010692596,2.9147846698761,2.9172837734222,2.9027378559113,2.9157996177673,2.904060125351,2.905369758606,2.9156794548035,2.9135985374451,2.9103124141693,2.9155600070953,2.9017264842987,2.9181313514709,2.9040012359619,2.9017338752747,2.9149715900421,2.9165558815002,2.9113819599152,2.9101028442383,2.8995745182037,2.9134881496429,2.8967700004578,2.8923625946045,2.8990938663483,2.8907585144043,2.8747341632843,2.8663890361786,2.8323030471802,2.8335916996002,2.8052954673767,2.7801885604858,2.7674505710602,2.748321056366,2.7340648174286,2.8053817749023,2.7485134601593,2.7313735485077,2.7135276794434,2.7185215950012,2.731124162674,2.715692281723,2.7069821357727,2.7174656391144],"memory_usage":{}}