{"i":160,"val_loss_history":[2.0124395489693],"val_loss_history_it":[160],"forward_backward_times":{},"opt":{"max_epochs":10,"checkpoint_every":0,"batch_size":50,"memory_benchmark":0,"init_from":"","grad_clip":5,"model_type":"lstm","lr_decay_every":5,"print_every":1,"wordvec_size":64,"seq_length":50,"input_json":".\/spice\/p4\/4.spice.train.json","num_layers":3,"input_h5":".\/spice\/p4\/4.spice.train.h5","reset_iterations":1,"rnn_size":512,"dropout":0.5,"checkpoint_name":"cv\/spice_p4","batchnorm":0,"learning_rate":0.002,"speed_benchmark":0,"gpu_backend":"cuda","lr_decay_factor":0.5,"gpu":0},"train_loss_history":[3.5257081985474,3.1980319023132,3.0245897769928,3.0050339698792,2.9904470443726,2.9801902770996,2.9464416503906,2.9633357524872,2.9485447406769,2.9520812034607,2.9349100589752,2.9231481552124,2.9224064350128,2.9483766555786,2.9273502826691,2.9331707954407,2.9278385639191,2.9231112003326,2.9066362380981,2.9177207946777,2.9396071434021,2.9190340042114,2.8937005996704,2.9140148162842,2.8986179828644,2.8945052623749,2.8608045578003,2.8411064147949,2.8216931819916,2.8235399723053,2.8020248413086,2.7972540855408,2.7653667926788,2.7516391277313,2.7040719985962,2.7074809074402,2.6899211406708,2.7058575153351,2.6002397537231,2.6445124149323,2.5774986743927,2.6153104305267,2.550369977951,2.5114448070526,2.4950888156891,2.5125544071198,2.4816045761108,2.4447691440582,2.4275405406952,2.3610265254974,2.3502819538116,2.3376924991608,2.3850841522217,2.3793389797211,2.256600856781,2.3112473487854,2.2681760787964,2.3241455554962,2.2706370353699,2.2667262554169,2.2398295402527,2.2965941429138,2.2779715061188,2.2376427650452,2.3213136196136,2.2149329185486,2.2170653343201,2.2201397418976,2.2877418994904,2.2599527835846,2.1434235572815,2.2053527832031,2.1577126979828,2.2279825210571,2.1839258670807,2.1674363613129,2.1695184707642,2.2253165245056,2.2061545848846,2.1611354351044,2.21107006073,2.1331036090851,2.1514639854431,2.1501486301422,2.1936736106873,2.1919178962708,2.0876548290253,2.1472418308258,2.102041721344,2.1712987422943,2.1193532943726,2.1032981872559,2.1166651248932,2.1791183948517,2.1559553146362,2.1076922416687,2.1559102535248,2.0979187488556,2.1126484870911,2.0939118862152,2.1565692424774,2.1355521678925,2.0361742973328,2.0980014801025,2.0575792789459,2.1327731609344,2.0806336402893,2.0580217838287,2.0621972084045,2.1219551563263,2.1125757694244,2.0600838661194,2.1155016422272,2.0441155433655,2.0724723339081,2.063309431076,2.1217131614685,2.1048219203949,2.0104012489319,2.0654118061066,2.0185925960541,2.0884442329407,2.0315098762512,2.0274221897125,2.0115537643433,2.0838184356689,2.07186627388,2.0158989429474,2.0737886428833,2.0096538066864,2.0280520915985,2.0008313655853,2.0633280277252,2.0692963600159,1.9655920267105,2.0350131988525,1.982253909111,2.0385477542877,2.0044116973877,1.9822404384613,1.982433795929,2.044139623642,2.0219588279724,1.9862651824951,2.0454318523407,1.9870718717575,1.9965648651123,1.9714040756226,2.0231096744537,2.0268669128418,1.9407562017441,2.0175135135651,1.9604421854019,2.0145256519318,1.9815402030945,1.9727220535278,1.9685144424438,2.014511346817,2.0154218673706,1.9602982997894],"memory_usage":{}}