{"i":210,"val_loss_history":[2.270781993866],"val_loss_history_it":[210],"forward_backward_times":{},"opt":{"max_epochs":10,"checkpoint_every":100000,"batch_size":25,"memory_benchmark":0,"init_from":"","grad_clip":5,"model_type":"lstm","lr_decay_every":5,"print_every":1,"wordvec_size":64,"seq_length":75,"input_json":".\/spice\/p4\/4.spice.train.json","num_layers":4,"input_h5":".\/spice\/p4\/4.spice.train.h5","reset_iterations":1,"rnn_size":512,"dropout":0.5,"checkpoint_name":"cv\/spice_p4","batchnorm":0,"learning_rate":0.002,"speed_benchmark":0,"gpu_backend":"cuda","lr_decay_factor":0.5,"gpu":0},"train_loss_history":[3.5272197723389,3.3091797828674,3.0275740623474,3.0194976329803,2.9762983322144,2.9696397781372,2.9714238643646,2.9338934421539,2.943526506424,2.9614458084106,2.9433259963989,2.9338190555573,2.9407908916473,2.9449589252472,2.9085552692413,2.9638023376465,2.9089169502258,2.918979883194,2.9384951591492,2.9091174602509,2.9518404006958,2.9241664409637,2.9296221733093,2.9220430850983,2.9072399139404,2.9145488739014,2.9184432029724,2.9287474155426,2.8966476917267,2.9097435474396,2.9349648952484,2.9314420223236,2.9065508842468,2.927298784256,2.9138765335083,2.903532743454,2.9493253231049,2.8898582458496,2.9060893058777,2.9325709342957,2.9024338722229,2.941112279892,2.9152145385742,2.9215502738953,2.9189133644104,2.9028859138489,2.9131169319153,2.9158003330231,2.918114900589,2.8879764080048,2.9014992713928,2.9241836071014,2.912629365921,2.9019184112549,2.9141638278961,2.9180283546448,2.892258644104,2.9415583610535,2.889036655426,2.9023401737213,2.9308745861053,2.8993334770203,2.9259533882141,2.913994550705,2.9159824848175,2.9188754558563,2.898384809494,2.9087061882019,2.9138820171356,2.9133381843567,2.8851826190948,2.9028766155243,2.9236409664154,2.9135246276855,2.8978707790375,2.9137146472931,2.9132747650146,2.8899621963501,2.9358377456665,2.8901159763336,2.9010770320892,2.9264767169952,2.8938820362091,2.9288809299469,2.9079697132111,2.9161393642426,2.9149744510651,2.8946914672852,2.9037470817566,2.913204908371,2.9178061485291,2.8915486335754,2.902494430542,2.9237897396088,2.9113774299622,2.8963282108307,2.9107189178467,2.9129621982574,2.8913068771362,2.9367690086365,2.8792638778687,2.8921253681183,2.9157383441925,2.8770489692688,2.904892206192,2.8779110908508,2.8793530464172,2.8561520576477,2.853502035141,2.8381559848785,2.8453216552734,2.8078248500824,2.7653288841248,2.7735776901245,2.7781980037689,2.7732799053192,2.7229444980621,2.7184331417084,2.7243707180023,2.702611207962,2.7175107002258,2.6802425384521,2.6568930149078,2.6967923641205,2.647872209549,2.7268190383911,2.6636922359467,2.6572434902191,2.6255764961243,2.6235063076019,2.6223287582397,2.6361920833588,2.6002597808838,2.5625810623169,2.5691955089569,2.5906872749329,2.5864307880402,2.5478010177612,2.5169713497162,2.5833075046539,2.5302908420563,2.5743834972382,2.5227704048157,2.4921278953552,2.5449590682983,2.4977779388428,2.5480310916901,2.5220036506653,2.4685878753662,2.4670498371124,2.4736561775208,2.468337059021,2.5100219249725,2.4618721008301,2.4341526031494,2.4338595867157,2.4829869270325,2.454261302948,2.4010910987854,2.3918163776398,2.4645819664001,2.4095315933228,2.4625163078308,2.4092583656311,2.3672318458557,2.4365561008453,2.3801944255829,2.4479622840881,2.4370965957642,2.3783183097839,2.3826320171356,2.3878819942474,2.3552858829498,2.4059190750122,2.35822224617,2.3474407196045,2.340518951416,2.3929090499878,2.3534054756165,2.3043060302734,2.3054358959198,2.3710606098175,2.3122189044952,2.3711650371552,2.3217520713806,2.279141664505,2.3445746898651,2.2753431797028,2.3585407733917,2.418913602829,2.2793679237366,2.3231241703033,2.3452708721161,2.304425239563,2.3234012126923,2.2846050262451,2.2631363868713,2.2740116119385,2.296715259552,2.2797207832336,2.2413005828857,2.2382447719574,2.2882392406464,2.2531588077545,2.3000476360321,2.2653443813324,2.2161366939545,2.2748527526855,2.237610578537,2.2993252277374],"memory_usage":{}}