{"i":410,"val_loss_history":[1.9547240972519],"val_loss_history_it":[410],"forward_backward_times":{},"opt":{"max_epochs":10,"checkpoint_every":100000,"batch_size":100,"memory_benchmark":0,"init_from":"","grad_clip":5,"model_type":"lstm","lr_decay_every":5,"print_every":1,"wordvec_size":64,"seq_length":25,"input_json":".\/spice\/p6\/6.spice.train.json","num_layers":3,"input_h5":".\/spice\/p6\/6.spice.train.h5","reset_iterations":1,"rnn_size":512,"dropout":0.5,"checkpoint_name":"cv\/spice_p6","batchnorm":0,"learning_rate":0.002,"speed_benchmark":0,"gpu_backend":"cuda","lr_decay_factor":0.5,"gpu":0},"train_loss_history":[3.2209718227386,2.9509675502777,3.0472226142883,3.0788650512695,3.0224792957306,2.8898794651031,2.8306667804718,2.9364070892334,2.9117658138275,2.8585057258606,2.8302001953125,2.84108543396,2.8447251319885,2.8371570110321,2.8201463222504,2.799955368042,2.7755181789398,2.8009276390076,2.7616815567017,2.8046503067017,2.8309764862061,2.8293559551239,2.7616124153137,2.6885223388672,2.7597167491913,2.6474118232727,2.7235448360443,2.7637765407562,2.7657897472382,2.7731363773346,2.8269553184509,2.7487173080444,2.7010366916656,2.674633026123,2.7343902587891,2.6875183582306,2.6982271671295,2.624326467514,2.7645359039307,2.6807489395142,2.7506380081177,2.7246112823486,2.6548898220062,2.7508463859558,2.7184398174286,2.7305865287781,2.5945510864258,2.5917325019836,2.6900794506073,2.7079014778137,2.660514831543,2.6046557426453,2.610013961792,2.661084651947,2.6595556735992,2.646698474884,2.6059482097626,2.5865778923035,2.6222565174103,2.616197347641,2.7070772647858,2.7431919574738,2.745491027832,2.6738786697388,2.5987520217896,2.6711587905884,2.5545363426208,2.6677966117859,2.701057434082,2.7093560695648,2.7176809310913,2.7821795940399,2.6947066783905,2.6449682712555,2.6158285140991,2.6988768577576,2.6324784755707,2.6380174160004,2.5563657283783,2.6914792060852,2.6330597400665,2.6978719234467,2.6920902729034,2.5833265781403,2.6941146850586,2.6609222888947,2.6628353595734,2.5159413814545,2.5236191749573,2.6258456707001,2.6257622241974,2.5905368328094,2.5297060012817,2.5321171283722,2.5622401237488,2.5655679702759,2.5551722049713,2.5127403736115,2.4865124225616,2.5343537330627,2.53697514534,2.6151695251465,2.6473867893219,2.6633868217468,2.5763740539551,2.5165691375732,2.5975346565247,2.4224002361298,2.5338206291199,2.5635507106781,2.5915620326996,2.5901660919189,2.6406979560852,2.5750105381012,2.5337872505188,2.4992842674255,2.5743522644043,2.5225987434387,2.4774448871613,2.4210720062256,2.5102014541626,2.4972102642059,2.5735785961151,2.5756838321686,2.4382219314575,2.5668787956238,2.5368704795837,2.5134906768799,2.3618271350861,2.3876252174377,2.4708666801453,2.4704649448395,2.4355890750885,2.3859803676605,2.3836877346039,2.4017674922943,2.4035174846649,2.3985459804535,2.3613104820251,2.3492674827576,2.4017531871796,2.38986992836,2.4660987854004,2.5112149715424,2.5367329120636,2.4359223842621,2.4046597480774,2.4673199653625,2.269556760788,2.3722200393677,2.409387588501,2.4281525611877,2.4194941520691,2.4620571136475,2.4318261146545,2.3506636619568,2.3449530601501,2.4267616271973,2.347962141037,2.3153750896454,2.2766606807709,2.3301999568939,2.3152437210083,2.4189729690552,2.4399468898773,2.2620887756348,2.4095795154572,2.3968954086304,2.3670835494995,2.2060887813568,2.2368042469025,2.3234872817993,2.31511759758,2.3024554252625,2.2517273426056,2.2651145458221,2.2662379741669,2.2722315788269,2.2570683956146,2.2260477542877,2.214497089386,2.2626898288727,2.2543292045593,2.3489487171173,2.3955051898956,2.4270741939545,2.3175122737885,2.2872323989868,2.3636147975922,2.1603984832764,2.2524292469025,2.2948403358459,2.3174967765808,2.3228220939636,2.3733556270599,2.304327249527,2.245902299881,2.2485022544861,2.332507610321,2.2414183616638,2.2192647457123,2.1919372081757,2.2426385879517,2.2362492084503,2.3185861110687,2.3579139709473,2.1730780601501,2.3298637866974,2.3054637908936,2.3060610294342,2.1097679138184,2.1579596996307,2.2423088550568,2.2134795188904,2.2137877941132,2.1701567173004,2.2006464004517,2.1717629432678,2.1831681728363,2.1752784252167,2.1612522602081,2.1389772891998,2.1903495788574,2.1669194698334,2.2736022472382,2.3210909366608,2.3488018512726,2.2298285961151,2.2073814868927,2.2886862754822,2.0955686569214,2.1755049228668,2.2166199684143,2.2382740974426,2.2423832416534,2.2885715961456,2.2501528263092,2.1713078022003,2.1905167102814,2.241418838501,2.1663312911987,2.1486713886261,2.1233522891998,2.1663966178894,2.1442317962646,2.253369808197,2.3004901409149,2.0994997024536,2.2516102790833,2.235809803009,2.2308807373047,2.0466167926788,2.0877776145935,2.168258190155,2.1482651233673,2.1377282142639,2.0869362354279,2.1399128437042,2.1142122745514,2.1220817565918,2.1223139762878,2.1069121360779,2.084433555603,2.1175456047058,2.0931189060211,2.2201631069183,2.2493333816528,2.2929809093475,2.1758689880371,2.1408240795135,2.2321038246155,2.0382921695709,2.1129641532898,2.1565089225769,2.1749861240387,2.1823034286499,2.2277374267578,2.1902449131012,2.1088361740112,2.1230509281158,2.1721761226654,2.0962672233582,2.0580818653107,2.0605127811432,2.1118075847626,2.0788021087646,2.1932888031006,2.2567539215088,2.0215139389038,2.1870150566101,2.1714878082275,2.1651387214661,1.9715123176575,2.0313580036163,2.1081564426422,2.0929334163666,2.0754652023315,2.037379026413,2.0694453716278,2.0403413772583,2.0518608093262,2.0453972816467,2.0471382141113,2.0204792022705,2.0335001945496,2.0197806358337,2.1575183868408,2.1692905426025,2.2156109809875,2.1009969711304,2.086799621582,2.1744711399078,1.9677416086197,2.0524280071259,2.0863547325134,2.1006195545197,2.1113390922546,2.1605834960938,2.1308083534241,2.0307033061981,2.0521750450134,2.0974104404449,2.0380842685699,2.021888256073,1.9981405735016,2.0217959880829,2.0027661323547,2.136926651001,2.2075977325439,1.9527071714401,2.1329407691956,2.1067805290222,2.1021976470947,1.9279900789261,1.9702394008636,2.0719401836395,2.0271339416504,2.0186729431152,1.9916288852692,2.0318784713745,1.9870657920837,2.0032498836517,1.9881172180176,2.0089318752289,1.971772313118,1.9753894805908,1.9519801139832,2.0903038978577,2.1167223453522,2.1498348712921,2.0454130172729,2.0330626964569,2.1095931529999,1.9221652746201,2.0030243396759,2.0256946086884,2.0736310482025,2.0736379623413,2.0900964736938,2.0754065513611,1.961238861084,1.9777076244354,2.0208265781403,1.9866189956665,1.9572882652283,1.9355131387711,1.9891581535339,1.93310546875,2.0870027542114,2.1678781509399,1.8958470821381,2.0799202919006,2.0552589893341,2.0531497001648,1.870445728302,1.9090918302536,2.001745223999,1.9700410366058,1.9616763591766,1.9209107160568,1.9909772872925,1.9456070661545,1.9502445459366,1.9347839355469,1.9531549215317,1.9219765663147,1.9354364871979,1.9115369319916,2.0296821594238,2.0535838603973,2.1000685691833,1.9908783435822,1.9617640972137,2.0431513786316,1.8650351762772,1.9575474262238,1.9679330587387,2.0022993087769,2.0016746520996,2.0412948131561,2.0075840950012,1.920990228653,1.9409427642822,1.9909530878067,1.9328904151917,1.9259073734283,1.9042809009552,1.9536173343658,1.9017536640167,2.0411014556885],"memory_usage":{}}