{"i":330,"val_loss_history":[2.0444404482841],"val_loss_history_it":[330],"forward_backward_times":{},"opt":{"max_epochs":10,"checkpoint_every":0,"batch_size":200,"memory_benchmark":0,"init_from":"","grad_clip":5,"model_type":"lstm","lr_decay_every":5,"print_every":1,"wordvec_size":64,"seq_length":6,"input_json":".\/spice\/p4\/4.spice.train.json","num_layers":4,"input_h5":".\/spice\/p4\/4.spice.train.h5","reset_iterations":1,"rnn_size":512,"dropout":0.5,"checkpoint_name":"cv\/spice_p4","batchnorm":0,"learning_rate":0.002,"speed_benchmark":0,"gpu_backend":"cuda","lr_decay_factor":0.5,"gpu":0},"train_loss_history":[3.5293855667114,3.4708452224731,3.1103444099426,3.118819475174,3.0797319412231,3.057781457901,3.0298743247986,2.9457793235779,3.0406687259674,2.9473218917847,2.9447505474091,2.919597864151,2.9649693965912,2.9403891563416,2.9619624614716,2.9138340950012,2.9141945838928,2.9281411170959,2.9402985572815,2.9316122531891,2.9170346260071,2.9168171882629,2.9080874919891,2.9039919376373,2.8903894424438,2.9351568222046,2.9189219474792,2.9196355342865,2.901974439621,2.9304971694946,2.9217894077301,2.9556546211243,2.9772987365723,2.8926498889923,2.9320304393768,2.9033188819885,2.9282541275024,2.9230234622955,2.9326303005219,2.9273867607117,2.8974630832672,2.9741802215576,2.9053523540497,2.9182331562042,2.8957207202911,2.9366295337677,2.9143934249878,2.9127240180969,2.8965089321136,2.8926892280579,2.9115164279938,2.9042863845825,2.9148862361908,2.89612865448,2.9047539234161,2.8937976360321,2.8857510089874,2.8634464740753,2.8927507400513,2.8668677806854,2.8717358112335,2.8471727371216,2.8590729236603,2.8415517807007,2.864146232605,2.8746747970581,2.7988076210022,2.8004622459412,2.7733201980591,2.7695589065552,2.7458028793335,2.7546081542969,2.7478904724121,2.8898017406464,2.837260723114,2.710736989975,2.7572152614594,2.7514657974243,2.691202878952,2.725790977478,2.7552740573883,2.7047250270844,2.6771035194397,2.6775026321411,2.7077083587646,2.6648232936859,2.6411967277527,2.6500358581543,2.6567811965942,2.6408059597015,2.6199851036072,2.645046710968,2.5940873622894,2.6328835487366,2.6278140544891,2.638925075531,2.6214971542358,2.6644601821899,2.7325627803802,2.7009727954865,2.6251199245453,2.5713331699371,2.5971467494965,2.5468964576721,2.5460712909698,2.5558881759644,2.4914970397949,2.6072189807892,2.4885342121124,2.4627854824066,2.4759478569031,2.4545211791992,2.4669098854065,2.3970816135406,2.3778374195099,2.3851480484009,2.4313538074493,2.376394033432,2.318069934845,2.3146712779999,2.3448755741119,2.3385896682739,2.2698261737823,2.2688813209534,2.3006019592285,2.2288980484009,2.2869684696198,2.250675201416,2.2977967262268,2.2810347080231,2.3037569522858,2.4960837364197,2.4955585002899,2.3328182697296,2.2323114871979,2.2805998325348,2.2337031364441,2.2976775169373,2.277898311615,2.228090763092,2.33904504776,2.2629127502441,2.1929671764374,2.2550036907196,2.217563867569,2.264847278595,2.2071948051453,2.1970429420471,2.232435464859,2.2424817085266,2.2478334903717,2.1691846847534,2.1682755947113,2.2064304351807,2.208071231842,2.1505517959595,2.165855884552,2.1855986118317,2.1198241710663,2.1737542152405,2.1411194801331,2.2133283615112,2.198362827301,2.2218196392059,2.3560929298401,2.4377887248993,2.2545297145844,2.1404354572296,2.1901776790619,2.1568806171417,2.2387974262238,2.1890897750854,2.1602642536163,2.2706499099731,2.1826679706573,2.097856760025,2.1844606399536,2.1577529907227,2.1800603866577,2.1565625667572,2.1355912685394,2.1575384140015,2.1762399673462,2.1672065258026,2.0921957492828,2.1075639724731,2.1341290473938,2.1597714424133,2.0927963256836,2.1022734642029,2.1326336860657,2.0525169372559,2.1434111595154,2.0934684276581,2.1640472412109,2.120920419693,2.1712200641632,2.3152940273285,2.3953423500061,2.1966660022736,2.106160402298,2.1433546543121,2.1239328384399,2.1588571071625,2.1589870452881,2.1118321418762,2.2156357765198,2.1362519264221,2.0493988990784,2.1459267139435,2.0963001251221,2.1393477916718,2.1175489425659,2.0852158069611,2.1282925605774,2.1343305110931,2.1306993961334,2.0524165630341,2.0654957294464,2.0793581008911,2.1279952526093,2.0422835350037,2.0494878292084,2.0893468856812,2.0162289142609,2.0809638500214,2.052285194397,2.1222336292267,2.0823488235474,2.1324529647827,2.2672603130341,2.3404715061188,2.1709604263306,2.0605597496033,2.0891604423523,2.1046998500824,2.1236493587494,2.111475944519,2.0833592414856,2.1593968868256,2.0943629741669,2.0204124450684,2.1001801490784,2.0465507507324,2.1008677482605,2.0733525753021,2.0388333797455,2.074711561203,2.1043395996094,2.0903992652893,2.0068352222443,2.0304079055786,2.0387814044952,2.0660724639893,2.0077936649323,2.0259659290314,2.0709340572357,1.9878137111664,2.0708558559418,2.0097389221191,2.0905044078827,2.0279085636139,2.0818355083466,2.2168035507202,2.310554265976,2.1223533153534,2.0155050754547,2.0538036823273,2.0427680015564,2.0717360973358,2.0805356502533,2.0238337516785,2.1170272827148,2.0413074493408,1.9601581096649,2.0715279579163,2.0073409080505,2.0672614574432,2.0214059352875,2.009185552597,2.0372958183289,2.0552070140839,2.0568816661835,1.9681476354599,1.9839862585068,2.0067131519318,2.0385322570801,1.9545719623566,1.9827160835266,2.0079145431519,1.9463667869568,2.0182826519012,1.991383433342,2.0461232662201,1.9996418952942,2.042647600174,2.1869819164276,2.2886290550232,2.0800359249115,1.9666793346405,2.026843547821,2.0137684345245,2.0438256263733,2.037889957428,1.9889538288116,2.0917747020721,2.0159773826599,1.9356245994568,2.0224084854126,1.9719742536545,2.0266387462616,1.9819805622101,1.9707578420639,2.0205509662628,2.0212821960449,2.0061845779419,1.9460238218307,1.9605617523193,1.9774515628815,2.0034048557281,1.93834233284,1.9524236917496,1.9920501708984,1.9216587543488,2.0044107437134,1.9533945322037,2.0198419094086,1.9903253316879,2.0541861057281,2.1353933811188],"memory_usage":{}}