{"i":400,"val_loss_history":[1.8604647874832],"val_loss_history_it":[400],"forward_backward_times":{},"opt":{"max_epochs":10,"checkpoint_every":100000,"batch_size":100,"memory_benchmark":0,"init_from":"","grad_clip":5,"model_type":"lstm","lr_decay_every":5,"print_every":1,"wordvec_size":64,"seq_length":10,"input_json":".\/spice\/p4\/4.spice.train.json","num_layers":3,"input_h5":".\/spice\/p4\/4.spice.train.h5","reset_iterations":1,"rnn_size":512,"dropout":0.5,"checkpoint_name":"cv\/spice_p4","batchnorm":0,"learning_rate":0.002,"speed_benchmark":0,"gpu_backend":"cuda","lr_decay_factor":0.5,"gpu":0},"train_loss_history":[3.5358235836029,3.3560593128204,3.080739736557,2.9471356868744,3.034590959549,2.9848279953003,3.0052423477173,2.9342811107635,2.9719760417938,2.9477643966675,2.911474943161,2.9298624992371,2.9356024265289,2.9456326961517,2.9188210964203,2.9225723743439,2.9393265247345,2.9407727718353,2.8791625499725,2.8921010494232,2.9165868759155,2.9128727912903,2.9006111621857,2.8787889480591,2.9138536453247,2.8978106975555,2.8942723274231,2.8571045398712,2.8659696578979,2.7604153156281,2.7717509269714,2.787778377533,2.7228801250458,2.7737965583801,2.6688158512115,2.7199292182922,2.6511623859406,2.6268062591553,2.6158850193024,2.6809918880463,2.7084672451019,2.6058776378632,2.5850732326508,2.4361596107483,2.5273873806,2.5334689617157,2.5052978992462,2.4371547698975,2.4240686893463,2.4281351566315,2.3661065101624,2.3704087734222,2.4152324199677,2.3125741481781,2.3386273384094,2.3598527908325,2.2959506511688,2.3667855262756,2.2880582809448,2.2785444259644,2.2704119682312,2.3376703262329,2.318977355957,2.2388472557068,2.3004562854767,2.3175895214081,2.2919640541077,2.2975473403931,2.338995218277,2.1901662349701,2.1458704471588,2.2132127285004,2.2256805896759,2.2522251605988,2.1602442264557,2.2479195594788,2.1733341217041,2.1570191383362,2.1787030696869,2.2412981987,2.3639330863953,2.1978995800018,2.1472837924957,2.0640249252319,2.1134829521179,2.2408101558685,2.1889824867249,2.0963637828827,2.1074705123901,2.1917886734009,2.1164538860321,2.1102712154388,2.200466632843,2.0736517906189,2.1414484977722,2.1143574714661,2.0738761425018,2.1960775852203,2.0674877166748,2.07546043396,2.1018526554108,2.161425113678,2.1493153572083,2.0599634647369,2.1480166912079,2.1594159603119,2.1605396270752,2.1333367824554,2.180632352829,2.0562133789062,2.0171556472778,2.0712442398071,2.0978009700775,2.1088604927063,2.0669119358063,2.1394183635712,2.0547933578491,2.0680239200592,2.0505473613739,2.097585439682,2.316734790802,2.1282970905304,2.0566959381104,1.959549665451,2.0394170284271,2.1089775562286,2.092885017395,2.002760887146,2.02414727211,2.128871679306,2.0259253978729,2.0198118686676,2.1102120876312,2.0113627910614,2.0495400428772,2.0232572555542,1.9911618232727,2.0983126163483,1.9828234910965,1.9937714338303,2.0379996299744,2.0664668083191,2.0532448291779,1.9765411615372,2.0475208759308,2.0748465061188,2.0483164787292,2.0477311611176,2.1037404537201,1.9880427122116,1.9123533964157,1.9954413175583,2.0126643180847,2.0604825019836,1.964431643486,2.0698120594025,1.9501841068268,1.9947327375412,1.9881105422974,2.0594615936279,2.2555067539215,2.0417613983154,1.9828770160675,1.9152114391327,1.9471586942673,2.0365397930145,2.0348925590515,1.9290369749069,1.9289109706879,2.0570137500763,1.9516946077347,1.9362179040909,2.0260534286499,1.9407777786255,1.9774044752121,1.9756106138229,1.9429861307144,1.9978903532028,1.9195958375931,1.9261955022812,1.9820680618286,2.0143501758575,1.9759724140167,1.894203543663,1.9633147716522,2.0238440036774,1.9715315103531,2.0110220909119,2.0286793708801,1.9220801591873,1.8574022054672,1.9526338577271,1.9561809301376,2.0029718875885,1.9314365386963,2.0095155239105,1.9229128360748,1.9410378932953,1.9507609605789,1.9660927057266,2.1740992069244,1.9500107765198,1.9354524612427,1.8543176651001,1.8813886642456,1.9611440896988,1.9616192579269,1.8898419141769,1.9052832126617,2.0116999149323,1.8976682424545,1.8961519002914,1.9784250259399,1.8806809186935,1.9393981695175,1.9197305440903,1.8832753896713,1.964071393013,1.8655741214752,1.8788878917694,1.9084234237671,1.9679630994797,1.932457447052,1.8634766340256,1.9386174678802,1.975806593895,1.9242453575134,1.9500112533569,1.971883058548,1.856409072876,1.8294920921326,1.8958925008774,1.9099839925766,1.9649733304977,1.8915998935699,1.9754779338837,1.8843449354172,1.8953649997711,1.8995485305786,1.9125776290894,2.1433725357056,1.9258460998535,1.890359044075,1.8296482563019,1.8273274898529,1.9391553401947,1.9358283281326,1.841607093811,1.8458873033524,1.9500356912613,1.8569694757462,1.8323165178299,1.9321030378342,1.8698184490204,1.8976827859879,1.8696993589401,1.8611282110214,1.9124715328217,1.8234957456589,1.8483836650848,1.8778209686279,1.9127472639084,1.904302239418,1.8203784227371,1.854320526123,1.9161350727081,1.8987525701523,1.911675453186,1.9362890720367,1.8342311382294,1.7966277599335,1.8802721500397,1.8736644983292,1.9066334962845,1.8465371131897,1.9469422101974,1.8341481685638,1.8617180585861,1.8671016693115,1.8751205205917,2.0993595123291,1.889589548111,1.8675853013992,1.8032456636429,1.8075989484787,1.8925014734268,1.8891618251801,1.8127678632736,1.8273450136185,1.9189367294312,1.823637843132,1.8093733787537,1.8978397846222,1.817441701889,1.8623945713043,1.8506948947906,1.7971086502075,1.8886033296585,1.8071583509445,1.7929099798203,1.8461711406708,1.8672920465469,1.8469152450562,1.7726634740829,1.816507935524,1.8798829317093,1.8413579463959,1.8738780021667,1.907856464386,1.8142549991608,1.7503505945206,1.8636900186539,1.8144388198853,1.8944554328918,1.8059841394424,1.8947992324829,1.8045270442963,1.8344181776047,1.8453882932663,1.8120818138123,2.0964181423187,1.8894654512405,1.8218760490417,1.7701153755188,1.7758526802063,1.8443605899811,1.8652189970016,1.7804679870605,1.7750309705734,1.8811755180359,1.811600446701,1.7713649272919,1.8698239326477,1.7743245363235,1.8309645652771,1.8256379365921,1.7528858184814,1.8252079486847,1.757048368454,1.7675712108612,1.8028434514999,1.8371027708054,1.8207731246948,1.7383071184158,1.7933974266052,1.8520286083221,1.8473340272903,1.8429734706879,1.8715187311172,1.7796981334686,1.7302292585373,1.8096932172775,1.7948573827744,1.8201880455017,1.7744886875153,1.8627833127975,1.778461098671,1.7853200435638,1.8016730546951,1.757973074913,2.0669906139374,1.8223160505295,1.7838090658188,1.7445534467697,1.7190775871277,1.8097426891327,1.8267096281052,1.7449308633804,1.7442770004272,1.8552067279816,1.7584608793259,1.7497756481171,1.8256655931473,1.74200963974,1.7747237682343,1.7596695423126,1.7330771684647,1.7870169878006,1.705668091774,1.7215070724487,1.7857168912888,1.8168991804123,1.7662942409515,1.7319859266281,1.7510468959808,1.7879830598831,1.79308116436,1.8034834861755,1.821527838707,1.7281399965286,1.6994802951813,1.7734251022339,1.7483681440353,1.8119460344315,1.764660358429,1.8267946243286,1.7354111671448,1.7628666162491,1.7600365877151,1.7220412492752],"memory_usage":{}}