{"i":330,"val_loss_history":[2.7789252400398],"val_loss_history_it":[330],"forward_backward_times":{},"opt":{"max_epochs":10,"checkpoint_every":0,"batch_size":200,"memory_benchmark":0,"init_from":"","grad_clip":5,"model_type":"lstm","lr_decay_every":5,"print_every":1,"wordvec_size":64,"seq_length":100,"input_json":".\/spice\/p1\/1.spice.train.json","num_layers":4,"input_h5":".\/spice\/p1\/1.spice.train.h5","reset_iterations":1,"rnn_size":512,"dropout":0.5,"checkpoint_name":"cv\/spice_p1","batchnorm":0,"learning_rate":0.002,"speed_benchmark":0,"gpu_backend":"cuda","lr_decay_factor":0.5,"gpu":0},"train_loss_history":[3.0557034015656,2.896936416626,3.0348951816559,3.2950167655945,2.9513130187988,2.910829782486,2.8899326324463,2.8670055866241,2.8727667331696,2.869176864624,2.867208480835,2.8634712696075,2.8715269565582,2.8576462268829,2.8702955245972,2.8620178699493,2.8575220108032,2.8635334968567,2.8553051948547,2.8594002723694,2.8549568653107,2.8530516624451,2.8557589054108,2.8574211597443,2.8503534793854,2.8467609882355,2.8533418178558,2.8585298061371,2.858738899231,2.8570594787598,2.8535780906677,2.8513739109039,2.8598318099976,2.848895072937,2.8583087921143,2.8574345111847,2.8535494804382,2.8531243801117,2.8610107898712,2.862203836441,2.8440606594086,2.8503596782684,2.8485941886902,2.8541867733002,2.8527312278748,2.8575508594513,2.8471717834473,2.8638706207275,2.8555243015289,2.8485462665558,2.8557925224304,2.8504707813263,2.8542292118073,2.8510303497314,2.847758769989,2.8513014316559,2.854043006897,2.8468608856201,2.8440945148468,2.8515002727509,2.8552503585815,2.8564808368683,2.8540313243866,2.8521225452423,2.8491814136505,2.8554723262787,2.8458905220032,2.8575491905212,2.8577756881714,2.8512322902679,2.8520319461823,2.8580288887024,2.8583753108978,2.843227148056,2.8499436378479,2.8479113578796,2.8539423942566,2.850786447525,2.8569729328156,2.8461616039276,2.8618133068085,2.8543133735657,2.8483378887177,2.8537404537201,2.8504989147186,2.8522431850433,2.849889755249,2.847512960434,2.8498976230621,2.8527703285217,2.8467915058136,2.842716217041,2.84991979599,2.8553419113159,2.8555600643158,2.8545434474945,2.8514902591705,2.8473286628723,2.8550696372986,2.8453121185303,2.856422662735,2.8563449382782,2.8519856929779,2.8499217033386,2.857855796814,2.85924243927,2.8420188426971,2.8492159843445,2.846538066864,2.8520491123199,2.8513448238373,2.8563573360443,2.8459358215332,2.8605897426605,2.8538942337036,2.8477864265442,2.8545632362366,2.8490574359894,2.8526742458344,2.8491594791412,2.8469865322113,2.8497025966644,2.852578163147,2.8459973335266,2.8418207168579,2.8500366210938,2.8544642925262,2.8549869060516,2.853563785553,2.8516533374786,2.8478815555573,2.8539752960205,2.8472011089325,2.8557732105255,2.8563487529755,2.8512201309204,2.8505346775055,2.8577904701233,2.857230424881,2.8422241210938,2.8492488861084,2.8471274375916,2.8522729873657,2.8509979248047,2.8562278747559,2.8455662727356,2.8610918521881,2.8537244796753,2.8472089767456,2.8537466526031,2.8490428924561,2.8514935970306,2.8480327129364,2.8469407558441,2.8487739562988,2.8524553775787,2.8454184532166,2.8416547775269,2.8503942489624,2.8549983501434,2.8544771671295,2.8535010814667,2.8513414859772,2.8486042022705,2.8515977859497,2.8441076278687,2.8547351360321,2.8562400341034,2.8507971763611,2.8493382930756,2.8570597171783,2.8577041625977,2.8423712253571,2.847779750824,2.8472461700439,2.8522078990936,2.8506534099579,2.8554625511169,2.8452417850494,2.8605630397797,2.8532860279083,2.8470928668976,2.853672504425,2.8493323326111,2.8516824245453,2.84920835495,2.8460988998413,2.8494687080383,2.8522651195526,2.8461537361145,2.8411514759064,2.8491308689117,2.854407787323,2.8545618057251,2.8533115386963,2.8507659435272,2.8482737541199,2.851056098938,2.8441252708435,2.8553719520569,2.8547546863556,2.8496701717377,2.8493690490723,2.8569476604462,2.8573641777039,2.8414125442505,2.8485741615295,2.8458354473114,2.8520007133484,2.8488295078278,2.8557016849518,2.844224691391,2.8594324588776,2.8522922992706,2.8470757007599,2.853342294693,2.8482847213745,2.8510262966156,2.8480253219604,2.846519947052,2.8487305641174,2.852071762085,2.8451509475708,2.841242313385,2.8491599559784,2.853621006012,2.8548855781555,2.8525104522705,2.8501179218292,2.8475525379181,2.8510427474976,2.843888759613,2.8544840812683,2.855064868927,2.850254535675,2.8492591381073,2.8562099933624,2.8564949035645,2.8403797149658,2.8472428321838,2.8460478782654,2.8503129482269,2.8483364582062,2.8520941734314,2.8409206867218,2.8550314903259,2.8457472324371,2.8378837108612,2.8421266078949,2.835923910141,2.8309452533722,2.8184847831726,2.8126406669617,2.8084828853607,2.8092887401581,2.8093137741089,2.8048424720764,2.8015735149384,2.8070178031921,2.8090727329254,2.8067440986633,2.801501750946,2.8017525672913,2.8087248802185,2.8041069507599,2.8071572780609,2.804886341095,2.79878282547,2.8037974834442,2.8052816390991,2.8063812255859,2.7915463447571,2.7956914901733,2.8002414703369,2.7995924949646,2.7933106422424,2.8029789924622,2.7894821166992,2.8060364723206,2.7966125011444,2.7924721240997,2.7990064620972,2.792466878891,2.7946910858154,2.792854309082,2.78741979599,2.7860522270203,2.7934560775757,2.787255525589,2.7817559242249,2.7842314243317,2.7901396751404,2.7911961078644,2.7904322147369,2.7852885723114,2.787615776062,2.7897982597351,2.7997171878815,2.7899174690247,2.7896659374237,2.7869114875793,2.7915163040161,2.7914116382599,2.7913615703583,2.7758951187134,2.7828140258789,2.7872750759125,2.7829432487488,2.7816519737244,2.7890319824219,2.7776639461517,2.7929930686951,2.7835898399353,2.7811551094055,2.7877237796783,2.7801585197449,2.7863457202911,2.7829685211182,2.7780120372772,2.7767565250397,2.7808940410614,2.7785501480103,2.7738463878632,2.7737395763397,2.7838768959045,2.7827668190002,2.7842397689819,2.7775468826294,2.7809343338013,2.7840857505798],"memory_usage":{}}