{"i":250,"val_loss_history":[2.9391031265259],"val_loss_history_it":[250],"forward_backward_times":{},"opt":{"max_epochs":10,"checkpoint_every":0,"batch_size":200,"memory_benchmark":0,"init_from":"","grad_clip":5,"model_type":"lstm","lr_decay_every":5,"print_every":1,"wordvec_size":64,"seq_length":8,"input_json":".\/spice\/p4\/4.spice.train.json","num_layers":5,"input_h5":".\/spice\/p4\/4.spice.train.h5","reset_iterations":1,"rnn_size":512,"dropout":0.5,"checkpoint_name":"cv\/spice_p4","batchnorm":0,"learning_rate":0.002,"speed_benchmark":0,"gpu_backend":"cuda","lr_decay_factor":0.5,"gpu":0},"train_loss_history":[3.5306928157806,3.4958126544952,3.1523053646088,3.0226476192474,3.0566267967224,3.0323798656464,2.9768073558807,2.9759986400604,2.9619917869568,2.9496939182281,2.9920718669891,2.9449532032013,2.9425208568573,2.8959035873413,2.9311645030975,2.9290149211884,2.9231021404266,2.9335174560547,2.9107000827789,2.9322838783264,2.9316463470459,2.9020798206329,2.9525146484375,2.9264080524445,2.9196305274963,2.9242708683014,2.9285092353821,2.9196131229401,2.9137830734253,2.8814308643341,2.9587807655334,2.9265801906586,2.934770822525,2.9134130477905,2.9150884151459,2.9478974342346,2.9196135997772,2.9189369678497,2.8689453601837,2.9143862724304,2.9084067344666,2.9303689002991,2.9152679443359,2.8947622776031,2.9176437854767,2.9111711978912,2.8935449123383,2.941338300705,2.9176001548767,2.8844432830811,2.9165630340576,2.9251871109009,2.9209032058716,2.9135653972626,2.8829169273376,2.9496719837189,2.9166924953461,2.9277646541595,2.9087255001068,2.9077117443085,2.9433147907257,2.918021440506,2.9097559452057,2.8707551956177,2.9122262001038,2.906174659729,2.923529624939,2.9105048179626,2.891975402832,2.9100127220154,2.9095363616943,2.8858752250671,2.9317245483398,2.9169082641602,2.8743917942047,2.9162950515747,2.9129180908203,2.9139034748077,2.9163415431976,2.8766460418701,2.9475338459015,2.917872428894,2.9286205768585,2.9048929214478,2.9070432186127,2.9424021244049,2.9142589569092,2.9090306758881,2.8679344654083,2.9109728336334,2.9033403396606,2.9222023487091,2.9091861248016,2.8910610675812,2.9147019386292,2.9014894962311,2.8798978328705,2.9366805553436,2.9202687740326,2.8719153404236,2.9125483036041,2.9173586368561,2.9144005775452,2.9050414562225,2.8767197132111,2.9446058273315,2.9183113574982,2.9239907264709,2.9010231494904,2.9056286811829,2.9385547637939,2.9113130569458,2.9074645042419,2.8632483482361,2.9028301239014,2.9005346298218,2.9220330715179,2.9103603363037,2.8907766342163,2.9075298309326,2.9037320613861,2.8879375457764,2.9337418079376,2.9130845069885,2.8649568557739,2.9128572940826,2.9161903858185,2.9100666046143,2.9115386009216,2.8701903820038,2.9388904571533,2.9197776317596,2.9280698299408,2.8971960544586,2.9050784111023,2.9344470500946,2.9094727039337,2.9096877574921,2.8696300983429,2.9080345630646,2.8992404937744,2.9202902317047,2.9120409488678,2.8888418674469,2.9125788211823,2.9107096195221,2.885321855545,2.9356963634491,2.9110782146454,2.952258348465,2.9057221412659,2.9128868579865,2.9080541133881,2.9091620445251,2.8747856616974,2.9451258182526,2.9238913059235,2.9280228614807,2.8995821475983,2.9015576839447,2.9320316314697,2.9186437129974,2.9105842113495,2.8666470050812,2.904465675354,2.8937108516693,2.9239101409912,2.9141991138458,2.8882064819336,2.9043707847595,2.9113516807556,2.8838820457458,2.9321072101593,2.9096636772156,2.8608367443085,2.9102747440338,2.9150729179382,2.911055803299,2.9105293750763,2.8796079158783,2.9427115917206,2.9235024452209,2.924441576004,2.8959784507751,2.9061934947968,2.9308271408081,2.910463809967,2.9075925350189,2.8688530921936,2.9063384532928,2.8996844291687,2.9212243556976,2.9068484306335,2.890097618103,2.9071242809296,2.9087479114532,2.8841247558594,2.9358532428741,2.912092924118,2.8599133491516,2.9106028079987,2.9171404838562,2.9078588485718,2.9120845794678,2.8748822212219,2.9392166137695,2.9207909107208,2.9269125461578,2.9010779857635,2.9030764102936,2.9305307865143,2.913547039032,2.9068078994751,2.8676786422729,2.9035615921021,2.8985614776611,2.9213042259216,2.9086713790894,2.8944404125214,2.9130153656006,2.9054231643677,2.8868911266327,2.932507276535,2.9126794338226,2.8631436824799,2.9065587520599,2.9111528396606,2.9067046642303,2.9086935520172,2.8700857162476,2.9491317272186,2.918924331665,2.9254589080811,2.8979187011719,2.9024741649628,2.9336133003235,2.9144356250763,2.9055926799774,2.8670876026154,2.9048144817352,2.8962686061859,2.9224715232849,2.9076192378998,2.8903162479401,2.9071800708771,2.9086937904358,2.8843057155609,2.9338326454163,2.9100353717804,2.8577272891998],"memory_usage":{}}