{"i":810,"val_loss_history":[1.8207468867302],"val_loss_history_it":[810],"forward_backward_times":{},"opt":{"max_epochs":10,"checkpoint_every":0,"batch_size":100,"memory_benchmark":0,"init_from":"","grad_clip":5,"model_type":"lstm","lr_decay_every":5,"print_every":1,"wordvec_size":64,"seq_length":5,"input_json":".\/spice\/p4\/4.spice.train.json","num_layers":3,"input_h5":".\/spice\/p4\/4.spice.train.h5","reset_iterations":1,"rnn_size":512,"dropout":0.5,"checkpoint_name":"cv\/spice_p4","batchnorm":0,"learning_rate":0.002,"speed_benchmark":0,"gpu_backend":"cuda","lr_decay_factor":0.5,"gpu":0},"train_loss_history":[3.5287237167358,3.4717602729797,3.192836523056,3.0651895999908,3.1438601016998,2.985738992691,2.9460110664368,2.9770209789276,3.0187883377075,2.9951713085175,2.9270665645599,2.9440031051636,2.9443271160126,2.9079220294952,2.9453802108765,2.9722204208374,2.9235117435455,2.9393153190613,2.9097723960876,2.9594838619232,2.9508123397827,2.9630131721497,2.9406850337982,2.9018170833588,2.8994374275208,2.9553399085999,2.8686497211456,2.8847951889038,2.8781204223633,2.8557426929474,2.8719568252563,2.848340511322,2.8490045070648,2.829353094101,2.7949001789093,2.7632780075073,2.7600629329681,2.6583969593048,2.7883713245392,2.7539305686951,2.7403934001923,2.8063616752625,2.6200201511383,2.7699909210205,2.6772079467773,2.5636432170868,2.7027997970581,2.6502928733826,2.6247026920319,2.5936403274536,2.5711543560028,2.670476436615,2.4890642166138,2.5465412139893,2.5111584663391,2.5939772129059,2.3971781730652,2.3832287788391,2.4589443206787,2.3246417045593,2.5642147064209,2.3311295509338,2.3198778629303,2.2853028774261,2.3365247249603,2.3228425979614,2.4365019798279,2.2564713954926,2.2098777294159,2.284880399704,2.2674238681793,2.2371520996094,2.292085647583,2.1837038993835,2.3785297870636,2.2300350666046,2.3752119541168,2.2625019550323,2.2516288757324,2.3392081260681,2.4876773357391,2.4228088855743,2.2931704521179,2.1714968681335,2.1778154373169,2.2879862785339,2.1529252529144,2.1727735996246,2.2716906070709,2.4042210578918,2.2607998847961,2.1488792896271,2.2366704940796,2.2491941452026,2.2062945365906,2.200138092041,2.2548367977142,2.2121105194092,2.2959833145142,2.2147090435028,2.1775600910187,2.2003750801086,2.2035565376282,2.2859551906586,2.1064445972443,2.1807465553284,2.2309799194336,2.1755013465881,2.1815400123596,2.1965072154999,2.1857783794403,2.1416461467743,2.1635658740997,2.1310126781464,2.1123542785645,2.1287202835083,2.1284322738647,2.205246925354,1.9953948259354,2.2371084690094,2.1566469669342,2.2904222011566,2.1635828018188,2.0666077136993,2.2702081203461,2.1621840000153,2.0232446193695,2.2215476036072,2.1341338157654,2.1605761051178,2.0836398601532,2.1354904174805,2.2647490501404,2.0447223186493,2.135062456131,2.167396068573,2.266708612442,2.0537703037262,2.0433039665222,2.1001877784729,2.0742611885071,2.2771532535553,2.1110708713531,2.0878303050995,2.0533316135406,2.0587542057037,2.0632767677307,2.1958003044128,2.0394027233124,2.0072643756866,2.0817902088165,2.0283899307251,2.0269048213959,2.0954427719116,2.0252985954285,2.2332458496094,2.0880410671234,2.2218306064606,2.1429557800293,2.129075050354,2.1928873062134,2.2195394039154,2.414737701416,2.1267669200897,2.0092883110046,2.0284581184387,2.0898199081421,2.0430514812469,2.0287599563599,2.0990777015686,2.2214040756226,2.1174924373627,2.0231556892395,2.1321313381195,2.1232852935791,2.058342218399,2.051203250885,2.1221039295197,2.0968818664551,2.0665676593781,2.0503885746002,2.0754272937775,2.055579662323,2.0560562610626,2.111191034317,2.0238356590271,2.0469665527344,2.1220419406891,2.0646724700928,2.0381171703339,2.0684812068939,2.0882296562195,2.039493560791,2.0561718940735,2.0126137733459,1.9742677211761,2.0532333850861,2.0036885738373,2.0891354084015,1.8872046470642,2.1175212860107,2.0145604610443,2.151834487915,2.0021979808807,1.9675340652466,2.1040456295013,2.08633685112,1.9275770187378,2.0912880897522,1.999508023262,2.017023563385,1.991348862648,2.0240244865417,2.1638751029968,1.9037643671036,2.0531766414642,2.066169500351,2.1582009792328,1.9303081035614,1.9298176765442,1.9667568206787,1.9727621078491,2.1279337406158,2.0448579788208,2.0004789829254,1.9534364938736,1.9437160491943,1.9593961238861,2.1265709400177,1.9390422105789,1.9260131120682,1.9957789182663,1.9504526853561,1.9203541278839,1.9928230047226,1.982150554657,2.0987613201141,2.0074355602264,2.122772693634,2.052942276001,2.0013310909271,2.1247398853302,2.1243205070496,2.3778953552246,2.0403773784637,1.9744974374771,1.9646064043045,2.0017092227936,1.9852713346481,1.9166202545166,2.0103867053986,2.1048996448517,2.015513420105,1.9504280090332,2.0539281368256,2.0527279376984,1.9868168830872,1.9859243631363,2.049222946167,2.0292329788208,2.0122902393341,1.9269950389862,1.9868013858795,1.9524146318436,1.9839997291565,2.0236074924469,1.9615477323532,1.976961016655,2.0216495990753,1.9723229408264,1.9721137285233,2.0006079673767,2.050315618515,1.9606701135635,1.9939743280411,1.9301666021347,1.9163656234741,1.953116774559,1.9216784238815,2.0070083141327,1.8136368989944,2.0284039974213,1.9632595777512,2.0864267349243,1.9307264089584,1.9216433763504,2.0522208213806,2.0006058216095,1.8348072767258,2.0294477939606,1.9158053398132,1.9133061170578,1.8756017684937,1.9321494102478,2.0534536838531,1.8496361970901,1.9683471918106,1.9914623498917,2.0610921382904,1.8962244987488,1.8891364336014,1.8720984458923,1.9236658811569,2.0658175945282,1.9926679134369,1.9183746576309,1.8917676210403,1.8840253353119,1.8530615568161,2.0407674312592,1.8523530960083,1.8353569507599,1.9120497703552,1.8646047115326,1.8927582502365,1.8747272491455,1.8993816375732,2.0277452468872,1.9128971099854,2.0090353488922,1.9982618093491,1.9418643712997,2.0382783412933,2.0514361858368,2.3080370426178,1.9749436378479,1.9266147613525,1.8727399110794,1.9148921966553,1.8525329828262,1.8501930236816,1.9347002506256,2.0342416763306,1.9165018796921,1.8493249416351,1.9482840299606,1.9797549247742,1.8909311294556,1.9176584482193,1.9340847730637,1.9370318651199,1.9088897705078,1.8680754899979,1.9253022670746,1.9184268712997,1.8790346384048,1.9547016620636,1.8651043176651,1.8895329236984,1.9444053173065,1.9080648422241,1.8718429803848,1.8927713632584,1.990402340889,1.8851225376129,1.8819975852966,1.8269649744034,1.8320121765137,1.888990521431,1.8367468118668,1.932556271553,1.7209516763687,1.925176024437,1.883203625679,1.9739154577255,1.821808218956,1.8542802333832,1.9523447751999,1.9597024917603,1.7572683095932,1.9688254594803,1.8210726976395,1.8553514480591,1.8026479482651,1.8745881319046,1.9587409496307,1.798689365387,1.8949700593948,1.9626542329788,1.9931491613388,1.7940355539322,1.8066782951355,1.789838552475,1.8189736604691,1.9334291219711,1.8582824468613,1.8127638101578,1.8076798915863,1.7955514192581,1.8191905021667,1.9691084623337,1.7960064411163,1.7762608528137,1.8865760564804,1.8547961711884,1.8337310552597,1.7995722293854,1.8308027982712,1.9693250656128,1.8349294662476,1.9638650417328,1.9146299362183,1.874116063118,2.0071377754211,1.9760355949402,2.2367515563965,1.870165348053,1.8302766084671,1.8140881061554,1.8536032438278,1.8131339550018,1.8039765357971,1.8413977622986,1.9968984127045,1.8512933254242,1.7596309185028,1.8499320745468,1.9432842731476,1.8303465843201,1.8553484678268,1.8545963764191,1.89741563797,1.8865379095078,1.7992433309555,1.9005364179611,1.8435409069061,1.8613660335541,1.9061433076859,1.8162581920624,1.8693603277206,1.8736155033112,1.837301492691,1.8533462285995,1.8996770381927,1.9111868143082,1.8670771121979,1.8344956636429,1.7992358207703,1.7825882434845,1.8557850122452,1.7926685810089,1.8741356134415,1.6971216201782,1.9041048288345,1.8361648321152,1.953466296196,1.8075907230377,1.8137428760529,1.9071072340012,1.9060835838318,1.759331703186,1.8811799287796,1.7442215681076,1.7864564657211,1.7641479969025,1.849222779274,1.9256780147552,1.7907176017761,1.8521964550018,1.9081209897995,1.9559631347656,1.7794770002365,1.7631887197495,1.7377051115036,