{"i":1060,"val_loss_history":[1.1553619274726],"val_loss_history_it":[1060],"forward_backward_times":{},"opt":{"max_epochs":10,"checkpoint_every":100000,"batch_size":100,"memory_benchmark":0,"init_from":"","grad_clip":5,"model_type":"lstm","lr_decay_every":5,"print_every":1,"wordvec_size":64,"seq_length":10,"input_json":".\/spice\/p9\/9.spice.train.json","num_layers":3,"input_h5":".\/spice\/p9\/9.spice.train.h5","reset_iterations":1,"rnn_size":512,"dropout":0.5,"checkpoint_name":"cv\/spice_p9","batchnorm":0,"learning_rate":0.002,"speed_benchmark":0,"gpu_backend":"cuda","lr_decay_factor":0.5,"gpu":0},"train_loss_history":[2.4887928962708,2.1623141765594,2.5375492572784,2.196323633194,2.6094260215759,2.5274770259857,2.2633898258209,2.1214199066162,2.09286236763,2.1664028167725,2.1973278522491,2.2206974029541,2.2119452953339,2.124116897583,2.1058158874512,2.1115829944611,2.0491988658905,1.9771831035614,1.9710034132004,1.9427911043167,1.9486122131348,1.9618968963623,1.954408288002,1.9788669347763,1.8788483142853,1.8466254472733,1.8664978742599,1.8884106874466,1.8706679344177,1.8009179830551,1.8034224510193,1.9622291326523,1.8735928535461,1.8561185598373,1.8450940847397,1.6688538789749,1.6949387788773,1.7464975118637,1.7383975982666,1.7401049137115,1.6429815292358,1.7192146778107,1.705405831337,1.7075316905975,1.6617000102997,1.7116895914078,1.7623746395111,1.7136679887772,1.7317509651184,1.7043837308884,1.6470254659653,1.6411464214325,1.5898807048798,1.5463041067123,1.6400151252747,1.5591748952866,1.6838635206223,1.6860998868942,1.6904520988464,1.5727421045303,1.5598806142807,1.5859313011169,1.586742401123,1.5583839416504,1.6006453037262,1.5942606925964,1.5915797948837,1.5474094152451,1.5880107879639,1.5843054056168,1.5753428936005,1.6468504667282,1.6780160665512,1.6171880960464,1.5915176868439,1.594447851181,1.608495593071,1.5879755020142,1.5862509012222,1.5321712493896,1.5067024230957,1.5512336492538,1.5261201858521,1.5309624671936,1.4818363189697,1.4692568778992,1.521132349968,1.4598503112793,1.4177906513214,1.2977813482285,1.3035681247711,1.3915843963623,1.464484333992,1.5627135038376,1.4959009885788,1.5693063735962,1.5352069139481,1.5947599411011,1.463615655899,1.4388326406479,1.364315867424,1.3881118297577,1.318336725235,1.363360285759,1.3576157093048,1.5690884590149,2.1970710754395,1.5466060638428,1.4094868898392,1.480184674263,1.4077045917511,1.3436335325241,1.366572022438,1.2971308231354,1.4112700223923,1.4510794878006,1.4980554580688,1.4957903623581,1.4924509525299,1.4784640073776,1.4816392660141,1.4953014850616,1.3464306592941,1.2843006849289,1.4159581661224,1.4393925666809,1.4201049804688,1.4747145175934,1.448101401329,1.3465892076492,1.3519686460495,1.3996171951294,1.3494234085083,1.3776400089264,1.3775737285614,1.2871631383896,1.308527469635,1.439667224884,1.3888027667999,1.3483592271805,1.3069920539856,1.2184103727341,1.2579988241196,1.2605140209198,1.3221360445023,1.2771687507629,1.2257997989655,1.314596414566,1.2434451580048,1.3041334152222,1.2728238105774,1.3567510843277,1.3824361562729,1.3678601980209,1.3608615398407,1.2940489053726,1.2444814443588,1.2551225423813,1.2439887523651,1.2003804445267,1.2699798345566,1.2398266792297,1.3696022033691,1.3312511444092,1.3263418674469,1.2666873931885,1.2880402803421,1.3100550174713,1.3164674043655,1.2619638442993,1.2760990858078,1.3037410974503,1.283846616745,1.3061105012894,1.2515186071396,1.3226330280304,1.3283556699753,1.4004056453705,1.4346951246262,1.3683986663818,1.3149036169052,1.3351503610611,1.3369733095169,1.3189778327942,1.3613654375076,1.3096561431885,1.3103566169739,1.2867077589035,1.3261787891388,1.3140238523483,1.2436381578445,1.2284477949142,1.325159907341,1.2840782403946,1.2282135486603,1.1226170063019,1.0896006822586,1.2245361804962,1.2622385025024,1.3823089599609,1.3057295084,1.3834878206253,1.3484261035919,1.3897082805634,1.3086943626404,1.2854559421539,1.1954584121704,1.2597657442093,1.1969012022018,1.253600358963,1.2166502475739,1.5027080774307,2.0713324546814,1.3149251937866,1.2671536207199,1.3144625425339,1.2670223712921,1.2325747013092,1.2508895397186,1.1859089136124,1.294203042984,1.3049310445786,1.3459780216217,1.3690843582153,1.3587456941605,1.3446407318115,1.3379473686218,1.3451436758041,1.2479438781738,1.1463451385498,1.2930817604065,1.3161174058914,1.3193197250366,1.3862738609314,1.3466892242432,1.2218154668808,1.2508578300476,1.3050758838654,1.2459402084351,1.2734942436218,1.2925609350204,1.1866365671158,1.2451018095016,1.3467484712601,1.2876791954041,1.2674549818039,1.2164509296417,1.1497412919998,1.1619002819061,1.1831959486008,1.2286069393158,1.2129321098328,1.1577410697937,1.242197394371,1.1994889974594,1.2171742916107,1.2140574455261,1.2668395042419,1.2928391695023,1.26706802845,1.2871448993683,1.2227087020874,1.1640949249268,1.1860983371735,1.1988779306412,1.1492884159088,1.2333477735519,1.1781276464462,1.3121477365494,1.2779580354691,1.2548657655716,1.2113155126572,1.1913050413132,1.251026391983,1.2538262605667,1.2147544622421,1.2352560758591,1.2476081848145,1.2267124652863,1.2791359424591,1.2014877796173,1.2897101640701,1.272523522377,1.3387880325317,1.3843280076981,1.3029205799103,1.2587012052536,1.2858402729034,1.2844696044922,1.2737789154053,1.3095605373383,1.249378323555,1.2543357610703,1.2514840364456,1.2710709571838,1.2584834098816,1.1987479925156,1.1874666213989,1.2757431268692,1.2430872917175,1.1750135421753,1.0737466812134,1.0589944124222,1.1977405548096,1.219094991684,1.3180779218674,1.2718963623047,1.3368973731995,1.3133848905563,1.3571283817291,1.2753232717514,1.2528297901154,1.1556255817413,1.2025886774063,1.1593000888824,1.227121591568,1.1770323514938,1.4424289464951,1.9993292093277,1.241157412529,1.2125346660614,1.2473572492599,1.2374851703644,1.2004089355469,1.195307970047,1.1485520601273,1.2633284330368,1.2855579853058,1.3102624416351,1.3347792625427,1.3303562402725,1.3073451519012,1.2969886064529,1.3132253885269,1.2030228376389,1.1106798648834,1.2598242759705,1.2803884744644,1.3048334121704,1.3703923225403,1.3002828359604,1.1802302598953,1.234757900238,1.2800124883652,1.2254074811935,1.2543091773987,1.2478250265121,1.1631273031235,1.2039977312088,1.3140064477921,1.2607311010361,1.2278598546982,1.1784138679504,1.1174712181091,1.1448994874954,1.1541479825974,1.2092139720917,1.1868782043457,1.1395760774612,1.2199701070786,1.1652096509933,1.2009863853455,1.183954834938,1.2393095493317,1.247297167778,1.2337877750397,1.2586244344711,1.1983124017715,1.1308132410049,1.1497449874878,1.1726651191711,1.1287114620209,1.2103755474091,1.1477556228638,1.2843188047409,1.2451274394989,1.2304825782776,1.1774189472198,1.1716593503952,1.2268773317337,1.2408479452133,1.1848700046539,1.202841758728,1.2139222621918,1.2041138410568,1.2513161897659,1.163547873497,1.2815179824829,1.2706190347672,1.321680188179,1.3575539588928,1.2809777259827,1.2469055652618,1.2758172750473,1.2549256086349,1.2508752346039,1.284041762352,1.2461463212967,1.2381181716919,1.2277966737747,1.2479491233826,1.238355755806,1.1687661409378,1.1698005199432,1.2433471679688,1.2118532657623,1.1529630422592,1.0694143772125,1.0359375476837,1.1633771657944,1.2139958143234,1.3046472072601,1.2590129375458,1.3088986873627,1.2859536409378,1.3360919952393,1.2652747631073,1.2474770545959,1.1395995616913,1.2123076915741,1.1552864313126,1.1951589584351,1.1631803512573,1.3874222040176,1.8921098709106,1.2424980401993,1.2096086740494,1.2259914875031,1.2038842439651,1.1586927175522,1.1627873182297,1.1158449649811,1.2265461683273,1.2551121711731,1.2894793748856,1.3046222925186,1.2963309288025,1.2851469516754,1.2756665945053,1.2838712930679,1.1715404987335,1.099027633667,1.2208224534988,1.2490893602371,1.2815989255905,1.3423990011215,1.2861119508743,1.1758048534393,1.2040318250656,1.265088558197,1.1923621892929,1.2317539453506,1.2267301082611,1.1417264938354,1.1935214996338,1.2949888706207,1.2326862812042,1.2154437303543,1.1646429300308,1.1221171617508,1.1165877580643,1.138704419136,1.1933577060699,