{"i":320,"val_loss_history":[1.9321010708809],"val_loss_history_it":[320],"forward_backward_times":{},"opt":{"max_epochs":20,"checkpoint_every":100000,"batch_size":5,"memory_benchmark":0,"init_from":"","grad_clip":5,"model_type":"lstm","lr_decay_every":5,"print_every":1,"wordvec_size":64,"seq_length":500,"input_json":".\/spice\/p4\/4.spice.train.json","num_layers":3,"input_h5":".\/spice\/p4\/4.spice.train.h5","reset_iterations":1,"rnn_size":512,"dropout":0.5,"checkpoint_name":"cv\/spice_p4","batchnorm":0,"learning_rate":0.002,"speed_benchmark":0,"gpu_backend":"cuda","lr_decay_factor":0.5,"gpu":0},"train_loss_history":[3.5356743335724,3.3137276172638,3.0484538078308,3.0039477348328,2.9992043972015,2.9733645915985,2.969646692276,2.963344335556,2.9698076248169,2.9359951019287,2.94313621521,2.953845500946,2.9547319412231,2.9204995632172,2.9254150390625,2.934166431427,2.9552414417267,2.9246160984039,2.9139096736908,2.9107596874237,2.9121870994568,2.9341335296631,2.9347512722015,2.9179990291595,2.933690071106,2.9171030521393,2.9179286956787,2.9147453308105,2.9205985069275,2.8978762626648,2.8899476528168,2.9203932285309,2.9379377365112,2.9018683433533,2.9037477970123,2.881872177124,2.8839650154114,2.9015293121338,2.8943109512329,2.8704059123993,2.8791122436523,2.8420872688293,2.8324062824249,2.8028247356415,2.797189950943,2.7594451904297,2.7277393341064,2.7335109710693,2.7004253864288,2.6643784046173,2.6290900707245,2.6249899864197,2.6081869602203,2.5865511894226,2.5830302238464,2.5098450183868,2.5457940101624,2.4758582115173,2.463050365448,2.4511661529541,2.4505033493042,2.4225106239319,2.3752889633179,2.3860561847687,2.5183384418488,2.4073297977448,2.4003341197968,2.3699703216553,2.3773472309113,2.3794684410095,2.3990578651428,2.3402462005615,2.3493387699127,2.3161993026733,2.3012199401855,2.2946164608002,2.3035299777985,2.3026294708252,2.2796549797058,2.291131734848,2.3216035366058,2.2822058200836,2.280127286911,2.2605018615723,2.2733874320984,2.2630243301392,2.2587420940399,2.2302882671356,2.2434411048889,2.2241652011871,2.2077016830444,2.2000968456268,2.2172050476074,2.2171182632446,2.1833589076996,2.1897647380829,2.2246491909027,2.1933753490448,2.1915881633759,2.1877498626709,2.1909630298615,2.1921381950378,2.1951487064362,2.1616084575653,2.1740911006927,2.1515362262726,2.1360986232758,2.1322810649872,2.1490552425385,2.1547894477844,2.1375424861908,2.1266462802887,2.1783192157745,2.1340413093567,2.1162180900574,2.1103835105896,2.1478493213654,2.1470592021942,2.1395604610443,2.0967102050781,2.1187245845795,2.1080663204193,2.0753140449524,2.080207824707,2.1048974990845,2.1086935997009,2.0754151344299,2.0685503482819,2.1313674449921,2.0737681388855,2.0663604736328,2.0571558475494,2.085232257843,2.0796055793762,2.0867438316345,2.0390164852142,2.0818419456482,2.054122209549,2.0442225933075,2.0422976016998,2.0513937473297,2.0592823028564,2.0405342578888,2.0279130935669,2.107360124588,2.0399262905121,2.0304021835327,2.0119051933289,2.0508708953857,2.0667295455933,2.0706865787506,2.0133538246155,2.0467624664307,2.013473033905,2.0089979171753,2.0148012638092,2.0170743465424,2.0368463993073,2.0104727745056,2.0047390460968,2.0577507019043,2.0045926570892,2.0064265727997,2.0030889511108,2.0206737518311,2.0334596633911,2.0350787639618,1.9949214458466,2.0100183486938,1.9985505342484,1.9884090423584,1.9847146272659,2.0099160671234,2.0084223747253,1.9900603294373,1.9826943874359,2.0274198055267,1.9716711044312,1.9749433994293,1.9752173423767,2.0164592266083,2.0214405059814,2.0086984634399,1.97276699543,1.9988166093826,1.9750022888184,1.952331662178,1.9581978321075,1.9863014221191,1.9925193786621,1.9745986461639,1.9600465297699,2.0123822689056,1.9696494340897,1.9541972875595,1.9582402706146,1.9938068389893,2.0043334960938,1.9934898614883,1.9586545228958,1.9851535558701,1.9546947479248,1.9347569942474,1.9396580457687,1.9586668014526,1.9734320640564,1.9645335674286,1.9363411664963,1.9853270053864,1.9474700689316,1.9398636817932,1.9352761507034,1.9791127443314,1.9830013513565,1.9728963375092,1.9328457117081,1.9668142795563,1.9404969215393,1.9211077690125,1.9348345994949,1.9470835924149,1.9620046615601,1.9542404413223,1.9255125522614,1.9868634939194,1.9251972436905,1.9250210523605,1.9132789373398,1.9546265602112,1.9461404085159,1.9659150838852,1.924690246582,1.9555574655533,1.9310994148254,1.9090616703033,1.9138152599335,1.9209214448929,1.9497208595276,1.9392595291138,1.9002009630203,1.9831004142761,1.9151601791382,1.9136617183685,1.9157345294952,1.9419349431992,1.9390517473221,1.9542322158813,1.9234781265259,1.9365503787994,1.9231749773026,1.9095559120178,1.9040269851685,1.9215751886368,1.9354250431061,1.9059985876083,1.8958517313004,1.9698476791382,1.9095013141632,1.8898296356201,1.8980808258057,1.9450285434723,1.9384330511093,1.9398860931396,1.9034349918365,1.9366183280945,1.9131786823273,1.8946866989136,1.8936607837677,1.8994581699371,1.9243121147156,1.9021253585815,1.8890653848648,1.9517177343369,1.8944796323776,1.8985220193863,1.8809376955032,1.9277698993683,1.9361559152603,1.9287106990814,1.9039373397827,1.9297062158585,1.9104529619217,1.8886712789536,1.8837847709656,1.8942183256149,1.918964266777,1.8996578454971,1.8776124715805,1.9446219205856,1.8880250453949,1.8805546760559,1.8812109231949,1.926903963089,1.9321848154068,1.9265335798264,1.8966535329819,1.928787946701,1.9019583463669,1.8915094137192,1.8654803037643,1.8897943496704,1.9134720563889,1.89812541008,1.8682718276978,1.9280314445496,1.8863883018494,1.8662813901901,1.8735650777817,1.9228640794754,1.9175511598587,1.9038202762604,1.8887183666229,1.9152543544769,1.9000613689423,1.8740273714066,1.8758547306061,1.8885443210602,1.9123569726944,1.8972173929214,1.8759150505066],"memory_usage":{}}