{"i":500,"val_loss_history":[1.9700048367182],"val_loss_history_it":[500],"forward_backward_times":{},"opt":{"max_epochs":10,"checkpoint_every":0,"batch_size":200,"memory_benchmark":0,"init_from":"","grad_clip":5,"model_type":"lstm","lr_decay_every":5,"print_every":1,"wordvec_size":64,"seq_length":4,"input_json":".\/spice\/p4\/4.spice.train.json","num_layers":4,"input_h5":".\/spice\/p4\/4.spice.train.h5","reset_iterations":1,"rnn_size":512,"dropout":0.5,"checkpoint_name":"cv\/spice_p4","batchnorm":0,"learning_rate":0.002,"speed_benchmark":0,"gpu_backend":"cuda","lr_decay_factor":0.5,"gpu":0},"train_loss_history":[3.5275042057037,3.5101404190063,3.3734242916107,3.1555032730103,3.0786521434784,3.0221970081329,3.0180068016052,3.0203454494476,2.9645504951477,2.9367668628693,3.0024454593658,2.9851834774017,2.954687833786,2.9531006813049,2.9423422813416,2.977347612381,2.9784219264984,2.8948547840118,2.949245929718,2.8892831802368,2.9205181598663,2.9831426143646,2.9470298290253,2.9190533161163,2.9210379123688,2.9455461502075,2.8562815189362,2.8909673690796,2.9217739105225,2.8978695869446,2.9280972480774,2.9037952423096,2.9002816677094,2.9498589038849,2.9101519584656,2.9088809490204,2.8443570137024,2.9115588665009,2.8797183036804,2.886337518692,2.8386654853821,2.8619089126587,2.796394109726,2.7911896705627,2.8492138385773,2.8057985305786,2.7748782634735,2.8206646442413,2.89018034935,3.2239336967468,2.9903497695923,2.7707147598267,2.7115421295166,2.7784161567688,2.8062744140625,2.7397894859314,2.766357421875,2.7093060016632,2.6715772151947,2.6636054515839,2.7919769287109,2.7476842403412,2.6906080245972,2.7252051830292,2.702095746994,2.6866586208344,2.7335851192474,2.6344475746155,2.6911203861237,2.6182260513306,2.5855395793915,2.7210624217987,2.611524105072,2.6212823390961,2.5897274017334,2.6544692516327,2.5120165348053,2.5223243236542,2.629802942276,2.5529878139496,2.5650458335876,2.6123535633087,2.6172504425049,2.5961456298828,2.5925447940826,2.5874831676483,2.551997423172,2.6113219261169,2.5676908493042,2.5553193092346,2.4944438934326,2.5724194049835,2.4730896949768,2.5053586959839,2.5872890949249,2.5028429031372,2.498815536499,2.4763481616974,2.479954957962,2.6847043037415,2.7676384449005,2.5412032604218,2.4749710559845,2.5398335456848,2.4807529449463,2.4702429771423,2.492107629776,2.4438416957855,2.3822689056396,2.3764085769653,2.4688577651978,2.4218616485596,2.4288763999939,2.4290764331818,2.4179277420044,2.4431266784668,2.4626429080963,2.3418550491333,2.4055984020233,2.3316032886505,2.2887008190155,2.4214990139008,2.3116044998169,2.3289470672607,2.2472856044769,2.3504695892334,2.2308359146118,2.2167108058929,2.3617775440216,2.2102015018463,2.2443273067474,2.3275835514069,2.2810010910034,2.2692084312439,2.2517523765564,2.2376165390015,2.2205219268799,2.2731010913849,2.2452931404114,2.2824409008026,2.137503862381,2.2234079837799,2.1508421897888,2.1871361732483,2.3504889011383,2.1900601387024,2.2004923820496,2.2023720741272,2.1846814155579,2.4098327159882,2.5564227104187,2.2158658504486,2.1640477180481,2.2567071914673,2.2157201766968,2.1855361461639,2.2457990646362,2.1981658935547,2.0848650932312,2.1363289356232,2.2211019992828,2.13534116745,2.2035477161407,2.2361524105072,2.2093622684479,2.2256920337677,2.2628066539764,2.1309893131256,2.2112522125244,2.1179599761963,2.1562988758087,2.2254908084869,2.1815450191498,2.1871871948242,2.11998295784,2.1803619861603,2.1151745319366,2.1240427494049,2.2305285930634,2.0685257911682,2.1473813056946,2.2362971305847,2.1600258350372,2.1369588375092,2.1473853588104,2.1401376724243,2.1458883285522,2.1810381412506,2.1454272270203,2.1684126853943,2.0599250793457,2.1685144901276,2.0739808082581,2.076530456543,2.2451844215393,2.1362829208374,2.1178996562958,2.1004581451416,2.0953598022461,2.2679767608643,2.5415515899658,2.166511297226,2.0636415481567,2.16472864151,2.1449997425079,2.0786828994751,2.1540062427521,2.1046073436737,2.0148940086365,2.0533030033112,2.1310951709747,2.0683510303497,2.1071362495422,2.1636190414429,2.1511082649231,2.1372351646423,2.1563336849213,2.0303990840912,2.1221556663513,2.0161216259003,2.0530414581299,2.1644115447998,2.1315512657166,2.119256734848,2.0148711204529,2.0997939109802,2.0062749385834,2.0174007415771,2.1297545433044,1.9934812784195,2.0708343982697,2.0946900844574,2.0888216495514,2.0892887115479,2.0921943187714,2.0743570327759,2.0721943378448,2.0913579463959,2.0903453826904,2.104612827301,2.0064301490784,2.0878441333771,2.0245876312256,2.0231070518494,2.1856822967529,2.0320127010345,2.0601933002472,2.0367860794067,2.0396122932434,2.1932744979858,2.4873523712158,2.1058740615845,2.0087270736694,2.1273987293243,2.0725662708282,2.0018665790558,2.0732562541962,2.0747809410095,1.9620913267136,1.9792773723602,2.0903491973877,2.0158870220184,2.0369336605072,2.1143682003021,2.093982219696,2.1093513965607,2.1263332366943,1.960861325264,2.0888667106628,1.9794753789902,2.0114190578461,2.1173758506775,2.0666098594666,2.12264585495,1.9677386283875,2.0624887943268,1.9698559045792,1.9630562067032,2.1246552467346,1.960391998291,2.0229170322418,2.0584352016449,2.0410308837891,2.0428850650787,2.045752286911,2.0184769630432,2.0126612186432,2.050749540329,2.0331790447235,2.0569965839386,1.9223501682281,2.040207862854,1.9824376106262,1.9695801734924,2.1201934814453,2.011221408844,2.0213253498077,2.0002958774567,1.9872704744339,2.1335237026215,2.478223323822,2.071679353714,1.9608882665634,2.078991651535,2.0425069332123,1.9645634889603,2.0314109325409,2.0065715312958,1.9424165487289,1.951838850975,2.0438044071198,1.9572050571442,1.9885010719299,2.0644707679749,2.0393347740173,2.0579407215118,2.0772888660431,1.9556243419647,2.0444693565369,1.9580501317978,1.9845603704453,2.0668773651123,2.0684161186218,2.0693938732147,1.9299732446671,2.0445711612701,1.9203772544861,1.9168249368668,2.0685617923737,1.9052699804306,1.9862563610077,2.0135273933411,1.9998114109039,2.010274887085,2.0026488304138,1.9743096828461,1.9562495946884,2.0239062309265,2.0072569847107,2.0128393173218,1.8974325656891,2.0055983066559,1.9452461004257,1.9753994941711,2.1203238964081,1.9766373634338,1.9836703538895,1.9527755975723,1.9542433023453,2.0905923843384,2.4388132095337,2.0438692569733,1.9446384906769,2.0324988365173,2.0110580921173,1.950341463089,1.9820028543472,1.9641169309616,1.8945046663284,1.9059784412384,1.9895890951157,1.9281873703003,1.9452199935913,2.0249738693237,2.0191440582275,2.0080375671387,2.012690782547,1.9140602350235,2.0207426548004,1.9216312170029,1.9612708091736,2.0108575820923,2.0161831378937,2.0111238956451,1.9271609783173,1.9876514673233,1.8888603448868,1.8899273872375,2.0438001155853,1.8564229011536,1.9906541109085,1.977140545845,1.9726065397263,1.9673260450363,1.9926600456238,1.9368208646774,1.9281184673309,1.9902175664902,1.9412689208984,1.9733386039734,1.8629579544067,1.9582831859589,1.9273005723953,1.945019364357,2.0561139583588,1.945589184761,1.941121339798,1.9236637353897,1.920271396637,2.0354743003845,2.4084937572479,1.9962930679321,1.9042316675186,2.0158319473267,1.9824230670929,1.9074158668518,1.9594856500626,1.9188780784607,1.8691589832306,1.8797183036804,1.9767166376114,1.9066915512085,1.9031283855438,1.9855593442917,1.9709774255753,1.9994181394577,2.0133004188538,1.9015507698059,1.9954036474228,1.8928385972977,1.9396481513977,1.9631538391113,1.9428035020828,1.9756244421005,1.8717696666718,1.9378373622894,1.860590338707,1.8478465080261,2.0205585956573,1.8576949834824,1.934638261795,1.9500586986542,1.9248576164246,1.9011352062225,1.9247785806656,1.9013564586639,1.902395606041,1.9752920866013,1.9343392848969,1.9397200345993,1.8445229530334,1.9328625202179,1.8747770786285,1.8683186769485,2.0128130912781,1.8928632736206,1.9111529588699,1.8793796300888,1.9085546731949,2.019495010376,2.3784701824188,1.9869875907898,1.8482508659363,1.9701972007751,1.9380569458008,1.8858346939087,1.9178646802902,1.917155623436,1.8108161687851,1.8463506698608,1.924617767334,1.8691531419754,1.8784178495407,1.9440672397614,