{"i":670,"val_loss_history":[1.9709518551826],"val_loss_history_it":[670],"forward_backward_times":{},"opt":{"max_epochs":10,"checkpoint_every":0,"batch_size":200,"memory_benchmark":0,"init_from":"","grad_clip":5,"model_type":"lstm","lr_decay_every":5,"print_every":1,"wordvec_size":64,"seq_length":3,"input_json":".\/spice\/p4\/4.spice.train.json","num_layers":4,"input_h5":".\/spice\/p4\/4.spice.train.h5","reset_iterations":1,"rnn_size":512,"dropout":0.5,"checkpoint_name":"cv\/spice_p4","batchnorm":0,"learning_rate":0.002,"speed_benchmark":0,"gpu_backend":"cuda","lr_decay_factor":0.5,"gpu":0},"train_loss_history":[3.5281233787537,3.5185875892639,3.4509484767914,3.1063311100006,3.3293237686157,3.0403761863708,3.070077419281,3.0199472904205,3.0068171024323,3.000864982605,2.9458382129669,2.9982569217682,2.9030137062073,2.965904712677,2.9681625366211,2.9190216064453,2.8973271846771,2.9590454101562,2.937479019165,2.9122750759125,2.9950087070465,2.9036467075348,2.8940353393555,2.9295356273651,2.950403213501,2.8660385608673,2.8979794979095,2.9056260585785,2.8891506195068,2.9146330356598,2.9043939113617,2.9490275382996,2.8973705768585,2.9314248561859,2.9476935863495,2.8907060623169,2.9196338653564,2.9286737442017,2.9389078617096,2.9459626674652,2.9162929058075,2.9211740493774,2.8786628246307,2.9304420948029,2.9173226356506,2.9043850898743,2.9125692844391,2.94398021698,2.9729444980621,2.9250779151917,2.9343314170837,2.9387443065643,2.9417667388916,2.9350299835205,2.9060795307159,2.9183371067047,2.9312429428101,2.911438703537,2.8854427337646,2.9316816329956,2.9320755004883,2.9274008274078,2.8441953659058,2.9462785720825,2.9127662181854,2.8999667167664,3.0770964622498,3.0098867416382,2.8867375850677,2.9331977367401,2.8739490509033,2.9236221313477,2.8437621593475,2.8564348220825,2.8226354122162,2.8682813644409,2.8532056808472,2.8528904914856,2.8637900352478,2.7870588302612,2.8325617313385,2.7973473072052,2.7596967220306,2.7769999504089,2.8412275314331,2.7215571403503,2.7404854297638,2.816962480545,2.74476313591,2.6842057704926,2.715238571167,2.7406454086304,2.7033534049988,2.7314295768738,2.6946799755096,2.6287732124329,2.6387405395508,2.6848623752594,2.7338604927063,2.6875307559967,2.6506621837616,2.7131705284119,2.6432240009308,2.6349217891693,2.6700043678284,2.58620429039,2.7047085762024,2.6271867752075,2.5997135639191,2.558513879776,2.6491417884827,2.6400067806244,2.5726127624512,2.546644449234,2.6568567752838,2.6384198665619,2.6219441890717,2.6603610515594,2.5750920772552,2.6220445632935,2.5817382335663,2.5828583240509,2.5684251785278,2.5315392017365,2.6096184253693,2.4624154567719,2.597335100174,2.5211606025696,2.5109589099884,2.4027388095856,2.5902256965637,2.3937468528748,2.4427115917206,2.8136756420135,2.7649393081665,2.5741014480591,2.558584690094,2.4482672214508,2.4696488380432,2.3508858680725,2.5182311534882,2.3926203250885,2.4016342163086,2.4675228595734,2.375727891922,2.4990084171295,2.3718574047089,2.3392271995544,2.4089477062225,2.3633296489716,2.3100011348724,2.4361581802368,2.3050611019135,2.3346619606018,2.4178476333618,2.3297846317291,2.1979141235352,2.3147339820862,2.3883860111237,2.3048391342163,2.3127794265747,2.3356087207794,2.2296895980835,2.2270274162292,2.308783531189,2.3513939380646,2.286945104599,2.2358899116516,2.311586856842,2.232949256897,2.2823629379272,2.3428287506104,2.2162148952484,2.3396933078766,2.2457671165466,2.2069654464722,2.1665759086609,2.2530663013458,2.2441861629486,2.1928343772888,2.1791429519653,2.2892129421234,2.2655251026154,2.3479537963867,2.298660993576,2.1777901649475,2.2079668045044,2.2028782367706,2.2990260124207,2.1894853115082,2.2436978816986,2.3237726688385,2.120411157608,2.2542836666107,2.1606867313385,2.217084646225,2.1352713108063,2.2513363361359,2.1413094997406,2.2022497653961,2.5605361461639,2.6080360412598,2.2947752475739,2.2163870334625,2.1840963363647,2.2125127315521,2.1845464706421,2.279114484787,2.1634175777435,2.205189704895,2.250007390976,2.0983121395111,2.2696762084961,2.2095329761505,2.1708598136902,2.2385270595551,2.1471521854401,2.1746845245361,2.2225840091705,2.1291909217834,2.1085474491119,2.229189157486,2.1656334400177,2.015771150589,2.1835358142853,2.205445766449,2.1652381420135,2.1791293621063,2.2003533840179,2.0694763660431,2.0807917118073,2.1858832836151,2.2025446891785,2.1177287101746,2.0750005245209,2.1937255859375,2.0941617488861,2.1449203491211,2.1881377696991,2.0606904029846,2.2201092243195,2.162150144577,2.1124932765961,2.0615375041962,2.1416432857513,2.1166949272156,2.0404472351074,2.1057739257812,2.1892354488373,2.1965744495392,2.2460370063782,2.1785051822662,2.0934941768646,2.1076107025146,2.1349544525146,2.2029614448547,2.0984411239624,2.1527063846588,2.2085995674133,2.029177904129,2.1702473163605,2.0470588207245,2.0984613895416,2.0215835571289,2.1719915866852,2.0622282028198,2.12126994133,2.3331611156464,2.5418772697449,2.1670255661011,2.1102242469788,2.1115643978119,2.0957148075104,2.0259537696838,2.180849313736,2.0710153579712,2.1088659763336,2.1189925670624,2.0275492668152,2.1881308555603,2.1148262023926,2.0566899776459,2.1580612659454,2.069521188736,2.047173500061,2.1481575965881,2.027731180191,2.0243117809296,2.1529326438904,2.0806171894073,1.9463132619858,2.0700089931488,2.137131690979,2.101588010788,2.1117463111877,2.1092467308044,1.98175740242,2.0067031383514,2.0930335521698,2.117369890213,2.06391954422,2.0141241550446,2.1188595294952,2.0251638889313,2.1111657619476,2.1176860332489,1.9808968305588,2.1620140075684,2.0570292472839,2.0601670742035,2.0001890659332,2.0754165649414,2.064252614975,1.9815521240234,2.0203349590302,2.10142993927,2.1095049381256,2.1881403923035,2.1206588745117,2.0186977386475,2.0354323387146,2.06809258461,2.1047773361206,2.068496465683,2.0819444656372,2.1280438899994,1.9466780424118,2.0805652141571,1.9734292030334,2.065966129303,1.9920283555984,2.142893075943,2.0154302120209,2.0967383384705,2.2673234939575,2.49693775177,2.1215689182281,2.0801026821136,2.050363779068,2.0221302509308,2.0033853054047,2.1497113704681,2.0361318588257,2.0639419555664,2.0705223083496,1.9511151313782,2.122008562088,2.0784795284271,2.0147817134857,2.1320459842682,2.0223462581635,2.0167384147644,2.0701169967651,1.9695153236389,1.9796462059021,2.1332743167877,2.0550096035004,1.9068070650101,2.0592637062073,2.0917973518372,2.0789268016815,2.056702375412,2.1072597503662,1.9385730028152,1.9642785787582,2.029931306839,2.1043684482574,2.0289840698242,1.9827350378036,2.0712747573853,1.9970573186874,2.0549974441528,2.0691268444061,1.9843508005142,2.1384465694427,2.03267121315,2.0192289352417,1.9511519670486,2.0449156761169,2.0005528926849,1.9736460447311,1.9975386857986,2.073460817337,2.0826106071472,2.1620044708252,2.0885946750641,1.9898788928986,2.0032696723938,2.0255365371704,2.0798709392548,2.0119960308075,2.0354509353638,2.0943768024445,1.9165914058685,2.0288019180298,1.9613655805588,2.0320250988007,1.9665740728378,2.0602993965149,1.9792511463165,2.0440306663513,2.226425409317,2.4250328540802,2.0631082057953,2.029932975769,2.0171029567719,1.9966522455215,1.9758859872818,2.1279547214508,2.0018870830536,2.0166671276093,2.0156319141388,1.8945050239563,2.0630567073822,2.042359828949,1.9889065027237,2.0721256732941,1.9565682411194,2.0000913143158,2.0542650222778,1.9323672056198,1.9602899551392,2.0795893669128,2.0354330539703,1.872541308403,2.0410170555115,2.0452098846436,2.0536568164825,2.0540509223938,2.0683472156525,1.9093837738037,1.9330468177795,2.0086731910706,2.062403678894,1.9744864702225,1.9369883537292,2.0275406837463,1.9483429193497,2.0104365348816,2.0247209072113,1.9419124126434,2.0823404788971,2.0113091468811,1.9705018997192,1.9445202350616,2.0195395946503,1.9873193502426,1.9728165864944,1.9411232471466,2.0386908054352,2.0254702568054,2.1178138256073,2.0518915653229,1.9552439451218,1.9426635503769,1.9880993366241,2.032687664032,1.9608767032623,2.0111725330353,2.0517058372498,1.8825069665909,2.0338706970215,1.9256789684296,1.9753642082214,1.9178751707077,