{"i":530,"val_loss_history":[1.1773664752642],"val_loss_history_it":[530],"forward_backward_times":{},"opt":{"max_epochs":10,"checkpoint_every":100000,"batch_size":200,"memory_benchmark":0,"init_from":"","grad_clip":5,"model_type":"lstm","lr_decay_every":5,"print_every":1,"wordvec_size":64,"seq_length":10,"input_json":".\/spice\/p9\/9.spice.train.json","num_layers":3,"input_h5":".\/spice\/p9\/9.spice.train.h5","reset_iterations":1,"rnn_size":512,"dropout":0.5,"checkpoint_name":"cv\/spice_p9","batchnorm":0,"learning_rate":0.002,"speed_benchmark":0,"gpu_backend":"cuda","lr_decay_factor":0.5,"gpu":0},"train_loss_history":[2.4871609210968,2.176652431488,2.297961473465,2.264612197876,2.5829360485077,2.3397297859192,2.1303424835205,2.0390450954437,2.099534034729,2.1431963443756,2.1857993602753,2.1804234981537,2.1105155944824,2.032977104187,2.03165102005,2.0708436965942,2.0342512130737,1.9531219005585,1.9816026687622,1.9884675741196,1.9374078512192,2.004611492157,1.9694945812225,1.9315863847733,1.8677458763123,1.8633831739426,1.8754484653473,1.8291668891907,1.8319779634476,1.7904462814331,1.8237385749817,1.8744362592697,1.7746497392654,1.7632479667664,1.7782738208771,1.6787638664246,1.6074724197388,1.6273865699768,1.6521654129028,1.682900428772,1.6716513633728,1.7036505937576,1.7060703039169,1.6883832216263,1.6945562362671,1.6501386165619,1.6775417327881,1.6078386306763,1.6226042509079,1.5769852399826,1.5536725521088,1.5699101686478,1.6431796550751,1.853238940239,1.570908665657,1.5293462276459,1.6059995889664,1.5618534088135,1.5547398328781,1.5015045404434,1.4533504247665,1.5045784711838,1.5348556041718,1.5299378633499,1.5672007799149,1.5579873323441,1.5239070653915,1.5075870752335,1.5292040109634,1.4860752820969,1.4354994297028,1.5240199565887,1.5581097602844,1.5202753543854,1.5333758592606,1.5123090744019,1.5044175386429,1.4903619289398,1.5008300542831,1.4366859197617,1.4401105642319,1.4501135349274,1.4064919948578,1.4311980009079,1.4603312015533,1.4184457063675,1.4388165473938,1.3732802867889,1.3316591978073,1.2605165243149,1.28853058815,1.3491475582123,1.3680733442307,1.3865883350372,1.3891946077347,1.3953588008881,1.404706120491,1.4071419239044,1.3963721990585,1.4047595262527,1.3363444805145,1.3639316558838,1.2922575473785,1.3114442825317,1.3087376356125,1.5085855722427,1.8973977565765,1.355201125145,1.3109319210052,1.3927453756332,1.368315577507,1.3326721191406,1.3203997612,1.2791291475296,1.3506019115448,1.3665475845337,1.3527258634567,1.3782806396484,1.3759294748306,1.3528584241867,1.3676979541779,1.3407738208771,1.3224995136261,1.2790591716766,1.378541469574,1.4183455705643,1.3769681453705,1.3648487329483,1.3863880634308,1.3257447481155,1.3277648687363,1.3648606538773,1.3078383207321,1.3054990768433,1.3153970241547,1.2767443656921,1.3006699085236,1.3287800550461,1.2963606119156,1.313847899437,1.2609773874283,1.2077698707581,1.1631809473038,1.158497095108,1.2462006807327,1.2546398639679,1.2771147489548,1.2899494171143,1.2980620861053,1.2996262311935,1.3146284818649,1.2978022098541,1.3116834163666,1.2477707862854,1.290744304657,1.2165080308914,1.2254515886307,1.2053745985031,1.4709366559982,1.7886693477631,1.285383939743,1.2452235221863,1.3219255208969,1.2929587364197,1.263977766037,1.2432466745377,1.2075811624527,1.2795851230621,1.2965577840805,1.2941627502441,1.3109091520309,1.3120942115784,1.2909196615219,1.3166695833206,1.2846159934998,1.2632795572281,1.2227399349213,1.3268607854843,1.3651169538498,1.3281807899475,1.3337558507919,1.3234785795212,1.2666856050491,1.2631472349167,1.3150706291199,1.263459444046,1.2589992284775,1.2706826925278,1.2291166782379,1.2523912191391,1.2730497121811,1.2323719263077,1.2746616601944,1.2311950922012,1.1669912338257,1.1236397027969,1.1185165643692,1.2119292020798,1.2197436094284,1.2276139259338,1.2560123205185,1.2569878101349,1.2652179002762,1.2702435255051,1.2777069807053,1.2806545495987,1.2180769443512,1.2497129440308,1.1879547834396,1.1824463605881,1.1783212423325,1.4093914031982,1.7397546768188,1.2516233921051,1.208332657814,1.2854697704315,1.2545907497406,1.2193818092346,1.2062916755676,1.1698566675186,1.2532168626785,1.2744063138962,1.2531840801239,1.2808318138123,1.2887229919434,1.2566456794739,1.2870184183121,1.2513576745987,1.2390149831772,1.2028646469116,1.29534471035,1.3387192487717,1.301167845726,1.3091464042664,1.2994475364685,1.2361121177673,1.2381348609924,1.288326382637,1.2311272621155,1.2527158260345,1.253702044487,1.2278139591217,1.2345294952393,1.2461391687393,1.2067431211472,1.2479535341263,1.2102055549622,1.1489053964615,1.1041235923767,1.1031714677811,1.1916755437851,1.1940767765045,1.2246829271317,1.2432146072388,1.2377238273621,1.2519470453262,1.2626440525055,1.2489682435989,1.2657859325409,1.1916539669037,1.231763958931,1.175527215004,1.1687537431717,1.1757739782333,1.3782480955124,1.65671479702,1.2236077785492,1.1763157844543,1.2668269872665,1.2194947004318,1.2004128694534,1.1714440584183,1.1449098587036,1.2230629920959,1.2391756772995,1.2401185035706,1.2554552555084,1.2639274597168,1.2418781518936,1.2636392116547,1.2479522228241,1.2210739850998,1.1826219558716,1.2894492149353,1.3120534420013,1.2892512083054,1.2900097370148,1.2866399288177,1.2238394021988,1.2276055812836,1.2796102762222,1.2200843095779,1.2283290624619,1.2424801588058,1.1956684589386,1.2063962221146,1.2223356962204,1.1932133436203,1.2286541461945,1.2012485265732,1.1356799602509,1.0996859073639,1.0842882394791,1.1842430830002,1.1852082014084,1.2073880434036,1.2290279865265,1.2193104028702,1.2230721712112,1.2452512979507,1.2457550764084,1.2332838773727,1.1789379119873,1.2091990709305,1.162893652916,1.1580624580383,1.1574733257294,1.3568515777588,1.6431202888489,1.1981625556946,1.1674408912659,1.2458281517029,1.2165257930756,1.1997923851013,1.1716951131821,1.1229264736176,1.2225617170334,1.2406108379364,1.2285288572311,1.2546445131302,1.2509425878525,1.2471472024918,1.2552876472473,1.2313584089279,1.2216470241547,1.1769446134567,1.2720421552658,1.2921721935272,1.2746187448502,1.2826153039932,1.2670606374741,1.20758497715,1.220755815506,1.2727562189102,1.2148497104645,1.2327764034271,1.2293102741241,1.1914469003677,1.2037813663483,1.2259835004807,1.1929389238358,1.2428908348083,1.188570857048,1.1208791732788,1.0887693166733,1.0748401880264,1.1740902662277,1.1765968799591,1.2001544237137,1.2132173776627,1.2258415222168,1.2174551486969,1.2382485866547,1.2252700328827,1.2300513982773,1.1736177206039,1.2118947505951,1.1517667770386,1.1498776674271,1.1533340215683,1.3293818235397,1.5687208175659,1.1934010982513,1.1539965867996,1.2442960739136,1.2120876312256,1.180656671524,1.1494183540344,1.1239031553268,1.211483836174,1.2233611345291,1.2116016149521,1.2339110374451,1.2423918247223,1.2309838533401,1.2451479434967,1.2284680604935,1.2062124013901,1.1688402891159,1.2609611749649,1.2865898609161,1.2680497169495,1.2734533548355,1.2591782808304,1.1986804008484,1.2152968645096,1.2606364488602,1.2055042982101,1.22309923172,1.2116932868958,1.1819853782654,1.2034838199615,1.2201635837555,1.1826674938202,1.2235404253006,1.1739747524261,1.1258662939072,1.0943809747696,1.0743846893311,1.1735692024231,1.1645151376724,1.197762966156,1.2110344171524,1.2182279825211,1.2282471656799,1.2295525074005,1.2291314601898,1.2190206050873,1.1641788482666,1.2106940746307,1.1529035568237,1.1492692232132,1.1339662075043,1.3111166954041,1.5600579977036,1.1744931936264,1.1582155227661,1.234573841095,1.2140182256699,1.1839783191681,1.160404920578,1.1236016750336,1.2129154205322,1.2250773906708,1.2066820859909,1.2340598106384,1.2360700368881,1.2183176279068,1.2409912347794,1.2061105966568,1.2063609361649,1.1614196300507,1.2596838474274,1.2813402414322,1.2745883464813,1.2727024555206,1.2579290866852,1.1956129074097,1.2132818698883,1.2628926038742,1.2041789293289,1.2134988307953,1.2063831090927,1.1764734983444,1.1960057020187,1.21442091465,1.1781220436096,1.2170730829239,1.1746587753296,1.1217387914658,1.0859130620956,1.0678479671478,1.1690423488617,