{"i":280,"val_loss_history":[2.0691666603088],"val_loss_history_it":[280],"forward_backward_times":{},"opt":{"max_epochs":10,"checkpoint_every":0,"batch_size":200,"memory_benchmark":0,"init_from":"","grad_clip":5,"model_type":"lstm","lr_decay_every":5,"print_every":1,"wordvec_size":64,"seq_length":7,"input_json":".\/spice\/p4\/4.spice.train.json","num_layers":4,"input_h5":".\/spice\/p4\/4.spice.train.h5","reset_iterations":1,"rnn_size":512,"dropout":0.5,"checkpoint_name":"cv\/spice_p4","batchnorm":0,"learning_rate":0.002,"speed_benchmark":0,"gpu_backend":"cuda","lr_decay_factor":0.5,"gpu":0},"train_loss_history":[3.5331881046295,3.4455602169037,3.1277995109558,3.0751748085022,3.0789856910706,2.9740064144135,3.0126819610596,2.9827332496643,2.9569754600525,2.9206943511963,2.939293384552,2.9057357311249,2.9694170951843,2.9480400085449,2.9426083564758,2.9228355884552,2.9296221733093,2.9744162559509,2.9213006496429,2.9217004776001,2.9431447982788,2.9043817520142,2.8941602706909,2.9298684597015,2.8941290378571,2.9269971847534,2.9194738864899,2.9537110328674,2.9146132469177,2.9339847564697,2.9242231845856,2.9267802238464,2.9324247837067,2.8939719200134,2.9336802959442,2.9336700439453,2.9068117141724,2.8907415866852,2.9161400794983,2.8904666900635,2.9346313476562,2.915620803833,2.9295818805695,2.9036207199097,2.9051401615143,2.9522857666016,2.9093017578125,2.9072530269623,2.9258980751038,2.8969445228577,2.8774890899658,2.9235138893127,2.8862776756287,2.9064979553223,2.9005813598633,2.8894095420837,2.9080755710602,2.8855879306793,2.889880657196,2.8759369850159,2.8787672519684,2.8263404369354,2.843742609024,2.8120422363281,2.7808752059937,2.7420890331268,2.7575116157532,2.7292256355286,2.7386929988861,2.7448220252991,2.6871988773346,2.7075381278992,2.6932768821716,2.6985483169556,2.6638977527618,2.6831409931183,2.663494348526,2.6535296440125,2.6290912628174,2.6352391242981,2.5741891860962,2.6512637138367,2.5863308906555,2.6334373950958,2.6937835216522,2.5610964298248,2.5487303733826,2.5470395088196,2.5539894104004,2.478255033493,2.507776260376,2.433705329895,2.4208354949951,2.3893139362335,2.4289426803589,2.3627893924713,2.3968493938446,2.4011070728302,2.3763380050659,2.3617718219757,2.346342086792,2.4015071392059,2.3340439796448,2.333984375,2.3581857681274,2.3590350151062,2.2843253612518,2.3244905471802,2.2724196910858,2.3402006626129,2.2459096908569,2.3934438228607,2.5180943012238,2.2531509399414,2.2850511074066,2.2963829040527,2.3230347633362,2.2707939147949,2.3159883022308,2.2119176387787,2.239001750946,2.2115542888641,2.241626739502,2.1907889842987,2.246826171875,2.2696056365967,2.2240211963654,2.2466862201691,2.2279062271118,2.283757686615,2.2032284736633,2.2289049625397,2.2576489448547,2.2351250648499,2.1792273521423,2.246481180191,2.1837182044983,2.25581407547,2.1718845367432,2.2916984558105,2.3838965892792,2.1552970409393,2.2069239616394,2.204238653183,2.2232990264893,2.1875755786896,2.2213132381439,2.1247317790985,2.1435008049011,2.1305832862854,2.1450116634369,2.1213843822479,2.1540455818176,2.1901431083679,2.1457626819611,2.1647942066193,2.1393013000488,2.2028357982635,2.1223678588867,2.1382656097412,2.1945159435272,2.1671915054321,2.094740152359,2.1641173362732,2.1281883716583,2.1969072818756,2.1040070056915,2.2267696857452,2.3458077907562,2.0910758972168,2.1337847709656,2.1487355232239,2.178652048111,2.1355175971985,2.1606292724609,2.0577821731567,2.0811023712158,2.072607755661,2.0882103443146,2.0561902523041,2.0992965698242,2.157651424408,2.0881130695343,2.1078326702118,2.1167178153992,2.1478672027588,2.0662486553192,2.0785436630249,2.1331679821014,2.1161777973175,2.0465753078461,2.0930783748627,2.0798263549805,2.1302967071533,2.0465459823608,2.1734929084778,2.3192119598389,2.0473954677582,2.1101865768433,2.0914542675018,2.1331532001495,2.1044008731842,2.1152982711792,2.0176200866699,2.0337889194489,2.0475647449493,2.0548753738403,2.0276358127594,2.0443994998932,2.0967650413513,2.0615768432617,2.0656776428223,2.0659711360931,2.0943262577057,2.0335764884949,2.0446293354034,2.0854942798615,2.0796563625336,2.0051271915436,2.0641515254974,2.039293050766,2.0900864601135,2.0036194324493,2.1176795959473,2.2918341159821,1.989272236824,2.0569870471954,2.0416035652161,2.1033959388733,2.0494909286499,2.0748763084412,1.9767417907715,2.0060074329376,2.0087237358093,2.0317950248718,2.0082042217255,2.0169134140015,2.0603263378143,2.0271778106689,2.052726984024,2.0169882774353,2.0629048347473,1.9631947278976,2.0046038627625,2.0501594543457,2.0172333717346,1.9744906425476,2.010960817337,2.0198242664337,2.038311958313,1.975270152092,2.1051428318024,2.2643113136292,1.9664243459702,1.998495221138,2.0129041671753,2.0452735424042,2.0233016014099,2.0333678722382,1.9485018253326,1.9528274536133,1.9593563079834,1.9782254695892,1.9531096220016,1.9716110229492,2.0375680923462,1.9816284179688,2.0053775310516,1.9839725494385,2.0398285388947,1.9522014856339,1.9716019630432,2.0196678638458,2.0201160907745,1.9404120445251,1.9759315252304,1.9965026378632,2.029219865799,1.9587090015411,2.0759625434875],"memory_usage":{}}