{"i":640,"val_loss_history":[1.9408578127623],"val_loss_history_it":[640],"forward_backward_times":{},"opt":{"max_epochs":10,"checkpoint_every":100000,"batch_size":25,"memory_benchmark":0,"init_from":"","grad_clip":5,"model_type":"lstm","lr_decay_every":5,"print_every":1,"wordvec_size":64,"seq_length":25,"input_json":".\/spice\/p4\/4.spice.train.json","num_layers":4,"input_h5":".\/spice\/p4\/4.spice.train.h5","reset_iterations":1,"rnn_size":512,"dropout":0.5,"checkpoint_name":"cv\/spice_p4","batchnorm":0,"learning_rate":0.002,"speed_benchmark":0,"gpu_backend":"cuda","lr_decay_factor":0.5,"gpu":0},"train_loss_history":[3.5295069217682,3.3305549621582,3.0050375461578,3.0437986850739,2.995866060257,3.0017421245575,2.9724781513214,2.9580581188202,2.9940979480743,2.9955906867981,2.9832532405853,2.9391620159149,2.8987157344818,2.9970378875732,2.9947566986084,2.9843084812164,2.927093744278,2.9849269390106,2.9401860237122,2.9631655216217,2.9218211174011,2.9147043228149,2.9032905101776,2.9199061393738,2.9296579360962,2.9138965606689,2.9103741645813,2.9408504962921,2.9099726676941,2.9310846328735,2.9221889972687,2.9290273189545,2.9166326522827,2.9453444480896,2.9694378376007,2.9796175956726,2.9026944637299,2.892383813858,2.9234538078308,2.909868478775,2.9405965805054,2.938117980957,2.9205358028412,2.9324862957001,2.9145667552948,2.9076702594757,2.9511830806732,2.8991913795471,2.9175229072571,2.8955495357513,2.9233696460724,2.9272861480713,2.8908925056458,2.9334473609924,2.9131555557251,2.9208152294159,2.8779616355896,2.9105808734894,2.9621803760529,2.9221858978271,2.9453897476196,2.9064610004425,2.8847982883453,2.9844093322754,2.9206728935242,2.8634622097015,2.8707194328308,2.8767321109772,2.9078679084778,2.9144701957703,2.9476511478424,2.8978135585785,2.9271829128265,2.9471073150635,2.9420123100281,2.8877296447754,2.8620707988739,2.9348797798157,2.9295694828033,2.9360871315002,2.913830280304,2.9345707893372,2.9193484783173,2.922868013382,2.9050242900848,2.8945569992065,2.8715522289276,2.8879160881042,2.9127690792084,2.8913700580597,2.9150891304016,2.9219725131989,2.9087138175964,2.8934679031372,2.914879322052,2.9168045520782,2.9204111099243,2.9390659332275,2.9438579082489,2.968220949173,2.8842763900757,2.8816409111023,2.9051098823547,2.9033381938934,2.9221694469452,2.9362020492554,2.9256381988525,2.9230411052704,2.8978533744812,2.8965058326721,2.9262592792511,2.8744966983795,2.8985154628754,2.8753650188446,2.9025192260742,2.8882503509521,2.8554074764252,2.8869786262512,2.8264079093933,2.8068568706512,2.7753796577454,2.7924168109894,2.8678143024445,2.740864276886,2.8479959964752,2.7562716007233,2.7271225452423,2.7867729663849,2.7527961730957,2.681524515152,2.6325328350067,2.6302771568298,2.6937794685364,2.6635642051697,2.6448752880096,2.6407461166382,2.6770823001862,2.7019832134247,2.6600654125214,2.6631152629852,2.4912099838257,2.6686725616455,2.641007900238,2.6376004219055,2.573050737381,2.5412242412567,2.5692145824432,2.5890502929688,2.5158207416534,2.5614793300629,2.5072002410889,2.5445816516876,2.4921207427979,2.4918308258057,2.6045277118683,2.491269826889,2.5184018611908,2.4584081172943,2.5056526660919,2.4352939128876,2.4640953540802,2.4451422691345,2.4812965393066,2.3795664310455,2.3947110176086,2.3790051937103,2.3875327110291,2.3798725605011,2.4113807678223,2.4035832881927,2.419397354126,2.4049813747406,2.2477295398712,2.2685961723328,2.3676173686981,2.2909138202667,2.2667336463928,2.2804143428802,2.372709274292,2.3265852928162,2.2607798576355,2.261420249939,2.251211643219,2.2644069194794,2.2643735408783,2.2366926670074,2.3426897525787,2.3180341720581,2.3019635677338,2.3549511432648,2.1667039394379,2.3075449466705,2.3755986690521,2.124612569809,2.1879887580872,2.1921491622925,2.2218234539032,2.1844198703766,2.2260355949402,2.196818113327,2.2732264995575,2.3094823360443,2.2096705436707,2.2398784160614,2.0205762386322,2.2343258857727,2.2460794448853,2.2170379161835,2.2009680271149,2.1502196788788,2.2110335826874,2.2150635719299,2.1624937057495,2.1962702274323,2.146152973175,2.2013509273529,2.1644582748413,2.1418473720551,2.2565815448761,2.1573882102966,2.180242061615,2.133629322052,2.1806771755219,2.1259021759033,2.1678264141083,2.1837027072906,2.2169716358185,2.1125807762146,2.1447234153748,2.153172492981,2.1261060237885,2.1322965621948,2.2258250713348,2.2247512340546,2.2226037979126,2.2050814628601,2.0904593467712,2.1104950904846,2.1785252094269,2.1406960487366,2.0974071025848,2.1072332859039,2.2475838661194,2.1837725639343,2.0924656391144,2.0909123420715,2.1113653182983,2.1249153614044,2.169525384903,2.0996463298798,2.2160415649414,2.1414227485657,2.2007758617401,2.2443127632141,2.0532598495483,2.1390182971954,2.2738528251648,1.9923619031906,2.0549871921539,2.0623135566711,2.1181488037109,2.0755250453949,2.1256685256958,2.1078505516052,2.1620366573334,2.1497714519501,2.0861310958862,2.1512961387634,1.9503788948059,2.1665897369385,2.1373705863953,2.1169528961182,2.0748527050018,2.0295355319977,2.1004345417023,2.1277668476105,2.0653841495514,2.0999660491943,2.0444195270538,2.1132113933563,2.076140165329,2.0354073047638,2.154173374176,2.0724232196808,2.0760686397552,2.0037181377411,2.1237831115723,2.0378956794739,2.1190752983093,2.1166892051697,2.1166501045227,2.0680530071259,2.0911295413971,2.1140685081482,2.0341532230377,2.0596444606781,2.126523733139,2.1145262718201,2.1195802688599,2.1231663227081,2.0211591720581,2.0501942634583,2.079756975174,2.0434248447418,2.0243730545044,2.0209846496582,2.1624934673309,2.0966010093689,2.0227568149567,2.0452780723572,1.9882720708847,2.0550236701965,2.0996541976929,2.0297553539276,2.1202113628387,2.0653393268585,2.1269931793213,2.1866295337677,1.9988173246384,2.0637488365173,2.2288012504578,1.9168012142181,2.0170459747314,2.0367677211761,2.0681796073914,2.0236713886261,2.0551652908325,2.0394129753113,2.088615655899,2.109160900116,2.0444719791412,2.1209435462952,1.8920509815216,2.1114907264709,2.0803554058075,2.0933048725128,2.0278742313385,1.996598482132,2.0231776237488,2.0758090019226,2.0438616275787,2.0734949111938,2.0053761005402,2.0696952342987,2.0301220417023,1.9812005758286,2.1079902648926,2.0234823226929,2.0407371520996,1.9757767915726,2.0734813213348,1.9949219226837,2.0755445957184,2.0638766288757,2.0995223522186,2.0288760662079,2.0315356254578,2.1041398048401,2.0020425319672,2.0029923915863,2.0765042304993,2.0727391242981,2.0994579792023,2.0755043029785,1.993255853653,2.0046234130859,2.0542364120483,2.0004577636719,1.9727189540863,1.9836218357086,2.1193842887878,2.0484135150909,2.0093283653259,1.9977914094925,1.9927073717117,2.011955499649,2.0567362308502,2.0154635906219,2.0912420749664,2.0303592681885,2.0899286270142,2.1300129890442,1.972424030304,2.0120820999146,2.1887748241425,1.9084084033966,2.004903793335,2.0009486675262,2.0407195091248,2.0007789134979,2.0353066921234,2.0225076675415,2.0557720661163,2.0618696212769,1.9927883148193,2.0627393722534,1.8645399808884,2.0723278522491,2.0416123867035,2.041627407074,1.9978238344193,1.9481555223465,1.9868675470352,2.0140645503998,1.9962290525436,2.0437896251678,1.9646785259247,1.9984464645386,1.9888341426849,1.9437546730042,2.0662569999695,1.9578881263733,1.9813220500946,1.965340256691,2.0446102619171,1.9599761962891,2.0345005989075,2.0367441177368,2.0524163246155,1.9791269302368,2.0163385868073,2.067179441452,1.9814496040344,1.9866352081299,2.0592505931854,2.069473028183,2.0578651428223,2.0398981571198,1.9324134588242,1.9924962520599,2.0138010978699,1.966369509697,1.9229632616043,1.9560929536819,2.0639481544495,1.995787858963,1.9505914449692,1.961592912674,1.9463136196136,1.9673652648926,2.0153450965881,1.9710885286331,2.0652267932892,1.979100227356,2.0510540008545,2.0881540775299,1.9320597648621,1.9556704759598,2.147961139679,1.8592525720596,1.9518234729767,1.9905749559402,1.9861931800842,1.951031088829,1.9990019798279,1.968826174736,2.0296576023102,1.9717857837677,1.9609322547913,2.0523126125336,1.8347445726395,2.0416741371155,1.9992384910583,