{"i":200,"val_loss_history":[2.6964466571808],"val_loss_history_it":[200],"forward_backward_times":{},"opt":{"max_epochs":10,"checkpoint_every":0,"batch_size":200,"memory_benchmark":0,"init_from":"","grad_clip":5,"model_type":"lstm","lr_decay_every":5,"print_every":1,"wordvec_size":64,"seq_length":10,"input_json":".\/spice\/p4\/4.spice.train.json","num_layers":5,"input_h5":".\/spice\/p4\/4.spice.train.h5","reset_iterations":1,"rnn_size":512,"dropout":0.5,"checkpoint_name":"cv\/spice_p4","batchnorm":0,"learning_rate":0.002,"speed_benchmark":0,"gpu_backend":"cuda","lr_decay_factor":0.5,"gpu":0},"train_loss_history":[3.5159492492676,3.4174017906189,3.1129884719849,3.0145542621613,3.0605690479279,3.0156211853027,2.9854941368103,2.9304885864258,2.9964272975922,2.927001953125,2.9144909381866,2.9266731739044,2.9182214736938,2.9398376941681,2.9071378707886,2.9422392845154,2.9299082756042,2.9346575737,2.9153051376343,2.9441592693329,2.9251477718353,2.9312109947205,2.9306542873383,2.8828029632568,2.9544739723206,2.9277617931366,2.9406352043152,2.9053063392639,2.9497897624969,2.9115262031555,2.8970212936401,2.9119486808777,2.904753446579,2.9252789020538,2.895699262619,2.9181616306305,2.905951499939,2.9162747859955,2.9049215316772,2.9014415740967,2.9260864257812,2.9263601303101,2.9210495948792,2.8769524097443,2.9449462890625,2.9227449893951,2.9414582252502,2.895299911499,2.9437763690948,2.9091813564301,2.8897895812988,2.9061598777771,2.9066672325134,2.9234225749969,2.8964185714722,2.9185655117035,2.9076025485992,2.9184985160828,2.8998484611511,2.8932552337646,2.910796880722,2.925740480423,2.9203782081604,2.8800804615021,2.9458484649658,2.9165346622467,2.9348411560059,2.8959040641785,2.9406487941742,2.9055559635162,2.8861079216003,2.9081609249115,2.9011504650116,2.924792766571,2.8971493244171,2.9225764274597,2.9101500511169,2.9238958358765,2.8985815048218,2.8943169116974,2.9112594127655,2.915450334549,2.9145183563232,2.8739213943481,2.9414432048798,2.9139678478241,2.9338405132294,2.8963985443115,2.9390213489532,2.90043592453,2.8829214572906,2.9005632400513,2.902233839035,2.9225509166718,2.8892121315002,2.9167840480804,2.9051520824432,2.9186632633209,2.891455411911,2.8881258964539,2.9113471508026,2.9210042953491,2.9142048358917,2.8710834980011,2.93443608284,2.9167320728302,2.9318447113037,2.8930771350861,2.9412662982941,2.9008305072784,2.8811066150665,2.9008247852325,2.9028463363647,2.9163048267365,2.8849153518677,2.9198036193848,2.906557559967,2.9148044586182,2.8956701755524,2.8886957168579,2.909478187561,2.9155638217926,2.9151287078857,2.8753216266632,2.9377057552338,2.909574508667,2.9305644035339,2.8941481113434,2.9392499923706,2.901211977005,2.880891084671,2.9056482315063,2.8963146209717,2.9202771186829,2.891676902771,2.9141585826874,2.9020750522614,2.9148018360138,2.8953976631165,2.8840861320496,2.9061269760132,2.9174902439117,2.9167919158936,2.8726308345795,2.9365282058716,2.9136044979095,2.930867433548,2.8939118385315,2.934654712677,2.8996870517731,2.8810541629791,2.8983867168427,2.8973371982574,2.9190790653229,2.8839712142944,2.916631937027,2.9011957645416,2.9116272926331,2.8874952793121,2.87775349617,2.897349357605,2.9018974304199,2.8985915184021,2.8501777648926,2.9052011966705,2.8768231868744,2.8868386745453,2.8350346088409,2.8566153049469,2.8157033920288,2.7826797962189,2.7964129447937,2.7841811180115,2.7725298404694,2.7549834251404,2.7478532791138,2.7461831569672,2.760978937149,2.7273728847504,2.7378189563751,2.7314534187317,2.7286176681519,2.7210719585419,2.6483135223389,2.7407937049866,2.7080428600311,2.7344789505005,2.6734080314636,2.7259924411774,2.6939761638641,2.6512660980225,2.6706876754761,2.6591293811798,2.684535741806,2.6467607021332,2.677839756012,2.6465582847595,2.6699059009552,2.6422970294952,2.6831960678101],"memory_usage":{}}