{"i":860,"val_loss_history":[1.687203347683],"val_loss_history_it":[860],"forward_backward_times":{},"opt":{"max_epochs":10,"checkpoint_every":0,"batch_size":20,"memory_benchmark":0,"init_from":"","grad_clip":5,"model_type":"lstm","lr_decay_every":5,"print_every":1,"wordvec_size":64,"seq_length":60,"input_json":".\/spice\/p6\/6.spice.train.json","num_layers":2,"input_h5":".\/spice\/p6\/6.spice.train.h5","reset_iterations":1,"rnn_size":512,"dropout":0.5,"checkpoint_name":"cv\/spice_p6","batchnorm":0,"learning_rate":0.002,"speed_benchmark":0,"gpu_backend":"cuda","lr_decay_factor":0.5,"gpu":0},"train_loss_history":[3.225861787796,3.0982897281647,2.8561460971832,2.8200323581696,2.8109374046326,2.9442338943481,2.9274270534515,2.78630900383,2.7127156257629,2.7001097202301,2.6463522911072,2.8026242256165,2.6532635688782,2.7603199481964,2.7218747138977,2.5254719257355,2.60298371315,2.8450238704681,2.8039827346802,2.5474631786346,2.7170512676239,2.4600245952606,2.7359964847565,2.6653897762299,2.47682762146,2.7144260406494,2.6083543300629,2.6283662319183,2.7020118236542,2.4757316112518,2.4511156082153,2.6912622451782,2.5019514560699,2.7030255794525,2.5243124961853,2.523909330368,2.5148687362671,2.4616782665253,2.456903219223,2.2489731311798,2.5386276245117,2.4830765724182,2.74285364151,2.5604326725006,2.4374649524689,2.7088718414307,2.4734573364258,2.288948059082,2.2101879119873,2.4989087581635,2.5189342498779,2.4399046897888,2.3369512557983,2.6622602939606,2.530588388443,2.6205322742462,2.574437379837,2.3784255981445,2.1837522983551,2.4237644672394,2.5771484375,2.5189113616943,2.483494758606,2.2923405170441,2.3216075897217,2.5368885993958,2.465916633606,2.5028245449066,2.5460169315338,2.5809261798859,2.3369071483612,2.3913862705231,2.4346244335175,2.5223963260651,2.3428268432617,2.3250749111176,2.5714490413666,2.5050375461578,2.4784457683563,2.3531789779663,2.4437487125397,2.4292578697205,2.5086941719055,2.446133852005,2.3772749900818,2.2091083526611,2.4212799072266,2.4790601730347,2.4116141796112,2.3240756988525,2.4020023345947,2.540607213974,2.583783864975,2.3805418014526,2.319632768631,2.3092875480652,2.2947134971619,2.4279494285583,2.2502753734589,2.3296229839325,2.3883438110352,2.1182281970978,2.225789308548,2.4858899116516,2.4337270259857,2.1962056159973,2.3597042560577,2.0706810951233,2.3522999286652,2.2831926345825,2.1722629070282,2.2948176860809,2.2036602497101,2.2753608226776,2.3662838935852,2.1480000019073,2.132287979126,2.3640494346619,2.212685585022,2.3556053638458,2.2302672863007,2.228533744812,2.1143646240234,2.1806397438049,2.1563379764557,2.008517742157,2.2428641319275,2.2200005054474,2.4230506420135,2.2499985694885,2.124107837677,2.417186498642,2.1742806434631,2.0374069213867,1.9270362854004,2.2245976924896,2.2140996456146,2.1640734672546,2.0544061660767,2.3678505420685,2.2329442501068,2.2986629009247,2.300491809845,2.0939135551453,1.9748644828796,2.1667335033417,2.3430335521698,2.2604651451111,2.2322163581848,1.9828133583069,2.0633316040039,2.2316610813141,2.1653790473938,2.2470216751099,2.3106126785278,2.2802653312683,2.0074553489685,2.1587705612183,2.1996684074402,2.3068070411682,2.1087293624878,2.1182713508606,2.3478214740753,2.2963860034943,2.2382783889771,2.1256108283997,2.2330236434937,2.1175670623779,2.2539584636688,2.2407033443451,2.1250715255737,2.0106747150421,2.2369065284729,2.2429068088531,2.1640725135803,2.0870630741119,2.2169725894928,2.2898828983307,2.3738310337067,2.1076467037201,2.089417219162,2.0727388858795,2.1017785072327,2.2159421443939,2.0583319664001,2.0947332382202,2.1822884082794,1.9548835754395,1.9958032369614,2.2767803668976,2.2287654876709,1.9967205524445,2.1138105392456,1.8767328262329,2.102077960968,2.0554759502411,2.0089819431305,2.0938074588776,2.0026342868805,2.0527877807617,2.1549026966095,1.9619606733322,1.9165681600571,2.1733150482178,2.0218393802643,2.111781835556,2.0272350311279,2.0831227302551,1.891148686409,2.0221025943756,1.9380378723145,1.8165409564972,2.0284023284912,2.004595041275,2.2207968235016,2.0736474990845,1.9541084766388,2.2123663425446,1.968909740448,1.8683217763901,1.7719939947128,2.0359075069427,2.0240755081177,1.9617972373962,1.9034181833267,2.1791803836823,2.0018219947815,2.1014683246613,2.1115379333496,1.9276655912399,1.7935779094696,2.02987408638,2.1496434211731,2.0736126899719,2.0548713207245,1.8262473344803,1.9249593019485,2.0574858188629,2.0233726501465,2.0484826564789,2.1461687088013,2.0708196163177,1.8435089588165,1.9957181215286,2.0437037944794,2.1176471710205,1.9555448293686,1.9617120027542,2.1412811279297,2.1357612609863,2.0716388225555,1.9206727743149,2.0472567081451,1.9288741350174,2.0621955394745,2.0528001785278,1.9499382972717,1.8715972900391,2.0883836746216,2.0804269313812,1.984473824501,1.9448817968369,2.0677917003632,2.1424844264984,2.1982665061951,1.9554973840714,1.9364113807678,1.9055149555206,1.9892630577087,2.0472078323364,1.9184054136276,1.9767763614655,2.0274078845978,1.8174864053726,1.850444316864,2.1072585582733,2.0744631290436,1.8810174465179,1.9711891412735,1.7250069379807,1.9538271427155,1.8682605028152,1.8651977777481,1.9668984413147,1.8596209287643,1.8799082040787,2.0154883861542,1.8252643346786,1.7778214216232,2.0387630462646,1.8846584558487,1.9700917005539,1.9077911376953,1.932340502739,1.7557808160782,1.9020918607712,1.7967010736465,1.6916165351868,1.8942499160767,1.8806616067886,2.055023431778,1.9158126115799,1.855525970459,2.0820581912994,1.8360491991043,1.7499721050262,1.6826056241989,1.9031056165695,1.8903687000275,1.8380017280579,1.7990967035294,2.0178866386414,1.8879662752151,1.9509332180023,1.9452321529388,1.7792563438416,1.670548081398,1.8870825767517,1.9973553419113,1.9417692422867,1.9228262901306,1.7419681549072,1.8089798688889,1.9469337463379,1.8732351064682,1.8913335800171,2.0170381069183,1.9496606588364,1.7340041399002,1.8707971572876,1.9024753570557,2.0181910991669,1.8469451665878,1.855525135994,2.0590689182281,2.0366523265839,1.9260985851288,1.8323038816452,1.920377612114,1.8389723300934,1.9331849813461,1.9571783542633,1.8209674358368,1.7577722072601,1.9302290678024,1.9155977964401,1.8549239635468,1.8243037462234,1.9739241600037,1.9791686534882,2.0749063491821,1.820051908493,1.8356429338455,1.7291597127914,1.8708502054214,1.9419869184494,1.8227889537811,1.8553688526154,1.9153949022293,1.7381755113602,1.7399640083313,1.9719439744949,1.9567946195602,1.7448736429214,1.8243007659912,1.6324499845505,1.8748747110367,1.7859197854996,1.7478942871094,1.8416495323181,1.7771710157394,1.7688699960709,1.8816775083542,1.7615604400635,1.7001988887787,1.8986992835999,1.7510386705399,1.8441768884659,1.7791990041733,1.8350319862366,1.6962033510208,1.7833709716797,1.6944012641907,1.5910717248917,1.7761852741241,1.7733851671219,1.9421893358231,1.7567336559296,1.7377552986145,1.9533296823502,1.6997253894806,1.6464112997055,1.5695308446884,1.7848632335663,1.7725875377655,1.7276566028595,1.7095947265625,1.89876973629,1.7722455263138,1.8268849849701,1.8252284526825,1.6951553821564,1.5827964544296,1.7760720252991,1.8627455234528,1.8378014564514,1.7966365814209,1.6491088867188,1.6726070642471,1.8537577390671,1.7940742969513,1.7628502845764,1.8989442586899,1.8352437019348,1.6294360160828,1.7840392589569,1.8144456148148,1.8823549747467,1.7449058294296,1.7486755847931,1.9393209218979,1.9679260253906,1.8300392627716,1.7697924375534,1.8624184131622,1.7710990905762,1.8425877094269,1.8832449913025,1.7852504253387,1.65811419487,1.8242262601852,1.8647129535675,1.7767570018768,1.7250800132751,1.8708651065826,1.8989540338516,1.966201543808,1.7445894479752,1.7515275478363,1.6926726102829,1.8008681535721,1.8661766052246,1.7468861341476,1.7752642631531,1.813071846962,1.6607891321182,1.6766022443771,1.9143149852753,1.8611127138138,1.6827121973038,1.7249035835266,1.578645825386,1.7788832187653,1.7439583539963,1.7010772228241,1.755522608757,1.7048805952072,1.7220400571823,1.8454679250717,1.7173632383347,1.6392005681992,1.8519140481949,1.694687962532,1.7887599468231,