{"i":130,"val_loss_history":[2.9291200637817],"val_loss_history_it":[130],"forward_backward_times":{},"opt":{"max_epochs":10,"checkpoint_every":100000,"batch_size":100,"memory_benchmark":0,"init_from":"","grad_clip":5,"model_type":"lstm","lr_decay_every":5,"print_every":1,"wordvec_size":64,"seq_length":30,"input_json":".\/spice\/p4\/4.spice.train.json","num_layers":4,"input_h5":".\/spice\/p4\/4.spice.train.h5","reset_iterations":1,"rnn_size":1024,"dropout":0.5,"checkpoint_name":"cv\/spice_p4","batchnorm":0,"learning_rate":0.002,"speed_benchmark":0,"gpu_backend":"cuda","lr_decay_factor":0.5,"gpu":0},"train_loss_history":[3.524911403656,3.0854279994965,3.2933578491211,3.1310348510742,3.0089476108551,2.9855654239655,2.9751253128052,2.9604153633118,2.9439294338226,2.9711351394653,2.9341237545013,2.931102514267,2.948490858078,2.9331212043762,2.9258918762207,2.9488747119904,2.9489850997925,2.9307837486267,2.9184372425079,2.9225542545319,2.9165840148926,2.9121706485748,2.9341905117035,2.8998553752899,2.9185996055603,2.9156901836395,2.9156723022461,2.9103906154633,2.9314303398132,2.9354844093323,2.9227659702301,2.9091188907623,2.9135706424713,2.9044651985168,2.9039816856384,2.9286556243896,2.9007048606873,2.9044125080109,2.9140777587891,2.9074959754944,2.907071352005,2.9271640777588,2.9314830303192,2.9217028617859,2.9039397239685,2.9034640789032,2.9075555801392,2.9005215167999,2.924665927887,2.8989100456238,2.9024426937103,2.9075322151184,2.9052762985229,2.9067852497101,2.9261691570282,2.9259927272797,2.9147527217865,2.9091198444366,2.9054229259491,2.9074232578278,2.9007325172424,2.9247260093689,2.8916418552399,2.9024574756622,2.9057233333588,2.9062020778656,2.9034967422485,2.924019575119,2.9241638183594,2.9204540252686,2.9091820716858,2.898729801178,2.9075703620911,2.9031851291656,2.9213910102844,2.8933913707733,2.9071309566498,2.9026136398315,2.9022476673126,2.9021289348602,2.9232976436615,2.9251737594604,2.91508436203,2.9031093120575,2.901508808136,2.8973217010498,2.8982398509979,2.9187393188477,2.8905072212219,2.8966500759125,2.9009397029877,2.9024312496185,2.9016044139862,2.9215986728668,2.9259102344513,2.9156002998352,2.9013235569,2.8996751308441,2.9010529518127,2.894686460495,2.9175946712494,2.8889706134796,2.8999342918396,2.8984622955322,2.8988044261932,2.8991663455963,2.9204273223877,2.9254896640778,2.9112708568573,2.9052119255066,2.9013860225677,2.9025430679321,2.8976113796234,2.9209883213043,2.8935885429382,2.9001626968384,2.9018278121948,2.9021112918854,2.900897026062,2.9204859733582,2.9213130474091,2.9113440513611,2.8988280296326,2.9006826877594,2.8985855579376,2.8953223228455,2.9154632091522,2.8892199993134,2.8982796669006,2.8931276798248],"memory_usage":{}}