{"i":820,"val_loss_history":[1.7349720478058],"val_loss_history_it":[820],"forward_backward_times":{},"opt":{"max_epochs":10,"checkpoint_every":100000,"batch_size":50,"memory_benchmark":0,"init_from":"","grad_clip":5,"model_type":"lstm","lr_decay_every":5,"print_every":1,"wordvec_size":64,"seq_length":25,"input_json":".\/spice\/p6\/6.spice.train.json","num_layers":3,"input_h5":".\/spice\/p6\/6.spice.train.h5","reset_iterations":1,"rnn_size":512,"dropout":0.5,"checkpoint_name":"cv\/spice_p6","batchnorm":0,"learning_rate":0.002,"speed_benchmark":0,"gpu_backend":"cuda","lr_decay_factor":0.5,"gpu":0},"train_loss_history":[3.217321395874,2.9856798648834,3.071302652359,3.0286848545074,3.0280120372772,2.9443736076355,2.8954312801361,3.0185015201569,2.8697986602783,2.7601187229156,2.7549011707306,2.738267660141,2.8056054115295,2.7536160945892,2.8013503551483,2.8042809963226,2.7521965503693,2.7092788219452,2.6989948749542,2.7714154720306,2.7551145553589,2.8073937892914,2.8568208217621,2.8031640052795,2.7483263015747,2.594039440155,2.7288358211517,2.7263517379761,2.6757555007935,2.8510134220123,2.9086267948151,2.7952527999878,2.7328567504883,2.6866784095764,2.6526942253113,2.5666265487671,2.6664624214172,2.6328530311584,2.853048324585,2.7608001232147,2.6890456676483,2.6232295036316,2.5793526172638,2.74729180336,2.7095701694489,2.7208163738251,2.6425082683563,2.5151009559631,2.5311660766602,2.7643122673035,2.757758140564,2.6539008617401,2.6485562324524,2.652327299118,2.6455640792847,2.5403320789337,2.4633038043976,2.4412834644318,2.5659551620483,2.5720827579498,2.6786761283875,2.77818775177,2.7300338745117,2.5133302211761,2.4121739864349,2.6513755321503,2.5307524204254,2.6265907287598,2.6998820304871,2.765558719635,2.600625038147,2.6885204315186,2.6091260910034,2.5965945720673,2.6044414043427,2.7577364444733,2.7151474952698,2.6222703456879,2.5047235488892,2.5615389347076,2.5232164859772,2.699743270874,2.7500128746033,2.6293315887451,2.6759173870087,2.6383256912231,2.6309733390808,2.4500133991241,2.6004590988159,2.7571713924408,2.5325148105621,2.458856344223,2.4545819759369,2.4559741020203,2.5455458164215,2.5714435577393,2.5951852798462,2.6275045871735,2.5737946033478,2.5669448375702,2.5747690200806,2.5954494476318,2.5886478424072,2.6763391494751,2.7112030982971,2.6891882419586,2.6184771060944,2.4388182163239,2.5313742160797,2.5180952548981,2.5222024917603,2.6597695350647,2.7197644710541,2.6589877605438,2.5829985141754,2.4938902854919,2.5258076190948,2.4154324531555,2.4872984886169,2.4437985420227,2.6440935134888,2.5698895454407,2.5115458965302,2.4387078285217,2.3725621700287,2.5792112350464,2.5089614391327,2.5413503646851,2.4089062213898,2.2767231464386,2.3432102203369,2.5580010414124,2.5432260036469,2.448046207428,2.4796981811523,2.4367775917053,2.3888835906982,2.342866897583,2.2271749973297,2.2725222110748,2.3583409786224,2.3654935359955,2.4955532550812,2.5709602832794,2.515611410141,2.3307721614838,2.2484748363495,2.479425907135,2.2714598178864,2.395539522171,2.4549732208252,2.4992134571075,2.3537735939026,2.4335992336273,2.3481831550598,2.3354680538177,2.4108374118805,2.4870133399963,2.4727518558502,2.3606429100037,2.2854516506195,2.2214727401733,2.2677965164185,2.4520721435547,2.5406708717346,2.389680147171,2.3967895507812,2.4321553707123,2.3705015182495,2.1609044075012,2.3713371753693,2.5004165172577,2.26549243927,2.2253451347351,2.2498450279236,2.1826689243317,2.2789053916931,2.3307678699493,2.3278279304504,2.4083445072174,2.3398659229279,2.3722274303436,2.3298125267029,2.3520114421844,2.35200715065,2.4794473648071,2.4387307167053,2.4343466758728,2.379923582077,2.2299513816833,2.2638733386993,2.2790474891663,2.296769618988,2.4005210399628,2.4326133728027,2.4377031326294,2.309357881546,2.2406649589539,2.2897498607635,2.1069252490997,2.2135219573975,2.1684036254883,2.3752384185791,2.3023788928986,2.3083009719849,2.1974539756775,2.0911140441895,2.3558745384216,2.2889885902405,2.3224537372589,2.1571924686432,2.0157461166382,2.1127178668976,2.3026823997498,2.2937071323395,2.1830222606659,2.2731788158417,2.1656930446625,2.1488075256348,2.1146786212921,2.0089273452759,2.0492613315582,2.0897135734558,2.1079642772675,2.2996995449066,2.3696012496948,2.2968804836273,2.1049659252167,2.0849750041962,2.2747242450714,2.0340690612793,2.1605679988861,2.2113020420074,2.2397496700287,2.1571564674377,2.2031810283661,2.131338596344,2.0824081897736,2.1810669898987,2.2663173675537,2.2755596637726,2.1473784446716,2.0747952461243,2.0136909484863,2.0536663532257,2.2465763092041,2.3891403675079,2.1518828868866,2.2017374038696,2.221173286438,2.2288780212402,1.9648277759552,2.1984307765961,2.3244750499725,2.0832104682922,2.0478439331055,2.0557909011841,2.0122303962708,2.095166683197,2.1222038269043,2.1546804904938,2.226991891861,2.1440801620483,2.1649029254913,2.1376969814301,2.1808254718781,2.1541571617126,2.3156440258026,2.2306461334229,2.2312471866608,2.2336974143982,2.0651860237122,2.0975589752197,2.0965175628662,2.1154451370239,2.24049949646,2.2172763347626,2.2527866363525,2.1296229362488,2.0527119636536,2.0566163063049,1.9334472417831,2.0421416759491,2.0126504898071,2.2028498649597,2.1073248386383,2.1160440444946,2.0268981456757,1.8984408378601,2.1634125709534,2.1102135181427,2.1469457149506,2.0327739715576,1.872820854187,1.936439871788,2.1075844764709,2.140722990036,2.0301451683044,2.1295537948608,2.0111200809479,1.9747878313065,1.9540036916733,1.8829332590103,1.9060789346695,1.9257060289383,1.9301497936249,2.1346111297607,2.2166743278503,2.1351068019867,1.9592698812485,1.9573261737823,2.1426930427551,1.9119279384613,2.0366623401642,2.0587253570557,2.1079308986664,2.0168240070343,2.0428304672241,2.0034837722778,1.9484158754349,2.0602643489838,2.1117219924927,2.1362018585205,1.9922677278519,1.9392068386078,1.8641636371613,1.8917028903961,2.0985124111176,2.2607433795929,1.9957495927811,2.0663273334503,2.072163105011,2.0812187194824,1.7975076436996,2.0199375152588,2.183376789093,1.9531445503235,1.8815410137177,1.9259431362152,1.8833568096161,1.9632384777069,1.9838705062866,2.000804901123,2.098482131958,2.0220186710358,2.0402171611786,1.9756731987,2.0264961719513,2.0165600776672,2.1340401172638,2.0865306854248,2.0549821853638,2.0789425373077,1.921463727951,1.9605685472488,1.9428882598877,1.9619568586349,2.0690860748291,2.0668654441833,2.0927064418793,1.9548590183258,1.8890246152878,1.9091647863388,1.7805023193359,1.9313962459564,1.8864222764969,2.0531420707703,1.9364765882492,2.007429599762,1.9039336442947,1.7735749483109,2.0236082077026,1.9788258075714,2.0019443035126,1.9220986366272,1.7727189064026,1.8094712495804,1.9877177476883,2.0038290023804,1.9130824804306,1.9905316829681,1.8726273775101,1.8604910373688,1.8456875085831,1.7964166402817,1.8010085821152,1.7986544370651,1.8114109039307,1.9815205335617,2.0888440608978,1.9879158735275,1.847473859787,1.860613822937,2.0112195014954,1.8060927391052,1.9267193078995,1.9244261980057,2.0044875144958,1.8992323875427,1.9146701097488,1.8904675245285,1.8675990104675,1.9426097869873,2.0106415748596,2.0304472446442,1.8945882320404,1.8428318500519,1.7813326120377,1.8189687728882,1.983172416687,2.1304326057434,1.8826729059219,1.9675705432892,1.9901471138,1.9629199504852,1.7349632978439,1.9607827663422,2.0909798145294,1.8665912151337,1.8016656637192,1.8450347185135,1.833087682724,1.8848155736923,1.9445464611053,1.923544883728,2.0144991874695,1.9410853385925,1.9523956775665,1.9109046459198,1.9688855409622,1.9491720199585,2.0661087036133,2.0029909610748,1.9622453451157,2.0220649242401,1.8348578214645,1.8996315002441,1.8891702890396,1.8863263130188,1.9937273263931,1.9967027902603,2.0174605846405,1.8723826408386,1.8331546783447,1.8167771100998,1.7117788791656,1.8479908704758,1.8370505571365,1.9902970790863,1.8616371154785,1.9276839494705,1.8321613073349,1.719780087471,1.9592049121857,1.9116168022156,1.9259159564972,1.8676728010178,1.7204953432083,1.7607893943787,1.9069031476974,1.9386124610901,1.853696346283,1.9457619190216,1.8117597103119,